-- Adminer 4.8.1 MySQL 8.4.7 dump

SET NAMES utf8;
SET time_zone = '+00:00';
SET foreign_key_checks = 0;
SET sql_mode = 'NO_AUTO_VALUE_ON_ZERO';

SET NAMES utf8mb4;

DROP TABLE IF EXISTS `_prisma_migrations`;
CREATE TABLE `_prisma_migrations` (
  `id` varchar(36) CHARACTER SET utf8mb4 COLLATE utf8mb4_unicode_ci NOT NULL,
  `checksum` varchar(64) CHARACTER SET utf8mb4 COLLATE utf8mb4_unicode_ci NOT NULL,
  `finished_at` datetime(3) DEFAULT NULL,
  `migration_name` varchar(255) CHARACTER SET utf8mb4 COLLATE utf8mb4_unicode_ci NOT NULL,
  `logs` text CHARACTER SET utf8mb4 COLLATE utf8mb4_unicode_ci,
  `rolled_back_at` datetime(3) DEFAULT NULL,
  `started_at` datetime(3) NOT NULL DEFAULT CURRENT_TIMESTAMP(3),
  `applied_steps_count` int unsigned NOT NULL DEFAULT '0',
  PRIMARY KEY (`id`)
) ENGINE=InnoDB DEFAULT CHARSET=utf8mb4 COLLATE=utf8mb4_unicode_ci;

INSERT INTO `_prisma_migrations` (`id`, `checksum`, `finished_at`, `migration_name`, `logs`, `rolled_back_at`, `started_at`, `applied_steps_count`) VALUES
('10f576ad-927b-4df6-825a-a8b901d8cc4e',	'b3b037aad7f9615c77e2d17607d3cd300c02eb3144a23c83c49ad1ee1dc2ef8f',	'2025-09-07 13:21:19.694',	'20250907132109_add_activity_relation_to_progression',	NULL,	NULL,	'2025-09-07 13:21:19.477',	1),
('18e574f5-bd4f-4fc1-9348-8100201d05a6',	'8f53b8967964cfe9af209275c92eaba2ccd94befc1d1cba31978a57a8ff57ff2',	'2025-09-06 20:38:09.575',	'20250906203809_init',	NULL,	NULL,	'2025-09-06 20:38:09.044',	1),
('1a443577-43a8-47ef-b380-d3f45646ffcc',	'4a177ad221a4940aa6aa26f6ef8ae502f68f207804fb5f02cb86b5ac47436f3f',	'2025-10-30 14:06:00.674',	'20251030140600_add_file_drop_support',	NULL,	NULL,	'2025-10-30 14:06:00.364',	1),
('1f616126-0ab3-4e16-acd6-c59b455a12a9',	'9f9e055c8e2d167809d6ed111093e564aae51e38f723526560cd5786c0cbe43d',	'2025-09-28 05:21:08.478',	'20250928052108_add_order_to_activities',	NULL,	NULL,	'2025-09-28 05:21:08.265',	1),
('4755534a-05d0-4baa-a5f3-610e81391326',	'02ae77d5c98bf342fca356266e307d9e479f71290cfc9f1d4292bdb77215100a',	'2025-09-06 21:04:45.045',	'20250906210444_add_progression_model',	NULL,	NULL,	'2025-09-06 21:04:44.796',	1),
('73f84d1e-3c89-4092-a5e6-f2530c3a72a0',	'e653d2b884f1740e559a65fa0de31ac599b0a908d344f1411a968c4bb5af477c',	'2025-09-06 21:55:07.696',	'20250906215507_add_progression_order',	NULL,	NULL,	'2025-09-06 21:55:07.644',	1),
('7e6417b0-9682-4a9f-946b-cff99b222384',	'560c0c7e507aaf88cde2c1eb69f281f324c057fb25a0d1b5db3d3198ed8d5093',	'2025-09-13 10:20:11.673',	'20250913102011_add_escape_game_tables',	NULL,	NULL,	'2025-09-13 10:20:11.405',	1),
('a25ec991-c9f8-4542-9a3f-4eeb2fc6531b',	'43a14e7fc0f7325f3f4abfea1a1926c2afb71dbd166716051e47927270ef24b2',	'2025-09-07 12:35:13.146',	'20250907123513_add_image_size_to_progressions',	NULL,	NULL,	'2025-09-07 12:35:13.087',	1),
('b1ebd6d8-4789-41e6-85cd-7511497f0e59',	'00dcc193a30f0c6aff6847e2faea743eb81dbee575b20f3852f83a9a83bd909c',	'2025-09-07 13:58:42.881',	'20250907135842_add_connection_log',	NULL,	NULL,	'2025-09-07 13:58:42.810',	1),
('d10fc71e-1af7-496f-82ba-929636058d6f',	'cb2e644078adfe80002e78f5444b85ddf8e631e869d31eaf2451e7ffaabdbffa',	'2025-09-07 05:15:34.729',	'20250907051534_increase_resource_url_length_to_1024',	NULL,	NULL,	'2025-09-07 05:15:34.691',	1);

DROP TABLE IF EXISTS `activities`;
CREATE TABLE `activities` (
  `id` varchar(191) CHARACTER SET utf8mb4 COLLATE utf8mb4_unicode_ci NOT NULL,
  `name` varchar(191) CHARACTER SET utf8mb4 COLLATE utf8mb4_unicode_ci NOT NULL,
  `title` varchar(191) CHARACTER SET utf8mb4 COLLATE utf8mb4_unicode_ci NOT NULL,
  `fileUrl` varchar(191) CHARACTER SET utf8mb4 COLLATE utf8mb4_unicode_ci NOT NULL,
  `courseId` varchar(191) CHARACTER SET utf8mb4 COLLATE utf8mb4_unicode_ci NOT NULL,
  `createdAt` datetime(3) NOT NULL DEFAULT CURRENT_TIMESTAMP(3),
  `updatedAt` datetime(3) NOT NULL,
  `order` int NOT NULL DEFAULT '0',
  `dropzoneConfig` json DEFAULT NULL,
  `isFileDrop` tinyint(1) NOT NULL DEFAULT '0',
  `isHidden` tinyint(1) NOT NULL DEFAULT '0',
  `isDisabled` tinyint(1) NOT NULL DEFAULT '0',
  PRIMARY KEY (`id`),
  KEY `activities_courseId_fkey` (`courseId`),
  CONSTRAINT `activities_courseId_fkey` FOREIGN KEY (`courseId`) REFERENCES `courses` (`id`) ON DELETE CASCADE ON UPDATE CASCADE
) ENGINE=InnoDB DEFAULT CHARSET=utf8mb4 COLLATE=utf8mb4_unicode_ci;

INSERT INTO `activities` (`id`, `name`, `title`, `fileUrl`, `courseId`, `createdAt`, `updatedAt`, `order`, `dropzoneConfig`, `isFileDrop`, `isHidden`, `isDisabled`) VALUES
('1735757430960',	'2SNT_IA.pdf',	'Parcours d\'activités',	'/8/pdf/2SNT_IA.pdf',	'8',	'2025-09-06 20:39:52.827',	'2025-09-06 20:39:52.827',	0,	NULL,	0,	0,	0),
('1735851878754',	'TSTI_C2_enjeux_energie.pdf',	'Chapitre 2 — L\'énergie et ses enjeux',	'/1/pdf/TSTI_C2_enjeux_energie.pdf',	'1',	'2025-09-06 20:39:52.831',	'2025-09-28 05:50:34.071',	1,	NULL,	0,	0,	0),
('1735851950038',	'TSTI_C4_puissances.pdf',	'Chapitre 4 — Puissance active et puissance apparente',	'/1/pdf/TSTI_C4_puissances.pdf',	'1',	'2025-09-06 20:39:52.831',	'2025-09-28 05:50:34.089',	3,	NULL,	0,	0,	0),
('1735851979537',	'TSTI_C5_transfert_therm.pdf',	'Chapitre 5 — Énergie interne',	'/1/pdf/TSTI_C5_transfert_therm.pdf',	'1',	'2025-09-06 20:39:52.831',	'2025-09-28 05:50:34.095',	4,	NULL,	0,	0,	0),
('1735852027323',	'TSTI_C7_combustions.pdf',	'Chapitre 7 — Combustions complètes',	'/1/pdf/TSTI_C7_combustions.pdf',	'1',	'2025-09-06 20:39:52.831',	'2025-09-28 05:50:34.103',	5,	NULL,	0,	0,	0),
('1735852047003',	'TSTI_C8_pH.pdf',	'Chapitre 8 — Réactions chimiques acido-basiques',	'/1/pdf/TSTI_C8_pH.pdf',	'1',	'2025-09-06 20:39:52.831',	'2025-09-28 05:50:34.110',	6,	NULL,	0,	0,	0),
('1735867147963',	'TSTI_C6_changement_etat.pdf',	'Chapitre 6 — Changements d\'état et transferts thermiques',	'/1/pdf/TSTI_C6_changement_etat.pdf',	'1',	'2025-09-06 20:39:52.831',	'2025-09-28 05:50:34.119',	7,	NULL,	0,	0,	0),
('1735871135346',	'TSTI_C1_supplement.pdf',	'Supplément : équation différentielle',	'/2/pdf/TSTI_C1_supplement.pdf',	'2',	'2025-09-06 20:39:52.806',	'2025-09-06 20:39:52.806',	0,	NULL,	0,	0,	0),
('1735919853578',	'TSTI_C4_TP1.pdf',	'TP6 — Sujet',	'/4/pdf/TSTI_C4_TP6.pdf',	'4',	'2025-09-06 20:39:52.808',	'2025-10-30 14:15:16.224',	0,	NULL,	0,	0,	0),
('1735935491683',	'2MVT_aide_chronophys.pdf',	'Chronophys : prise en main',	'/10/pdf/2MVT_aide_chronophys.pdf',	'10',	'2025-09-06 20:39:52.820',	'2025-09-06 20:39:52.820',	0,	NULL,	0,	0,	0),
('1735943459471',	'TSTI_C4_TP1.ipynb',	'TP6 — Notebook',	'/4/notebook/TSTI_C4_TP6.ipynb',	'4',	'2025-09-06 20:39:52.808',	'2025-10-30 14:16:35.605',	0,	NULL,	0,	0,	0),
('1735943598957',	'TST_C2_TP_1.ipynb',	'TP2 — Notebook',	'/3/notebook/TST_C2_TP_1.ipynb',	'3',	'2025-09-06 20:39:52.807',	'2025-09-06 20:39:52.807',	0,	NULL,	0,	0,	0),
('1735943693164',	'TSTI_C1_TP1.ipynb',	'TP1 — Notebook',	'/2/notebook/TSTI_C1_TP1.ipynb',	'2',	'2025-09-06 20:39:52.806',	'2025-09-06 20:39:52.806',	0,	NULL,	0,	0,	0),
('1735945063974',	'2MVT_shoot_vide.ipynb',	'Shoot Parfait — Notebook',	'/10/notebook/2MVT_shoot_vide.ipynb',	'10',	'2025-09-06 20:39:52.820',	'2025-09-06 20:39:52.820',	0,	NULL,	0,	0,	0),
('1735949333562',	'2MVT_shoot_parfait.pdf',	'Shoot Parfait — Sujet',	'/10/pdf/2MVT_shoot_parfait.pdf',	'10',	'2025-09-06 20:39:52.820',	'2025-09-06 20:39:52.820',	0,	NULL,	0,	0,	0),
('1735949931075',	'2MVT_vitesse_limite.pdf',	'Vitesse limite — Sujet',	'/10/pdf/2MVT_vitesse_limite.pdf',	'10',	'2025-09-06 20:39:52.820',	'2025-09-06 20:39:52.820',	0,	NULL,	0,	0,	0),
('1735949971981',	'2MVT_vitesse_lim_vide.ipynb',	'Vitesse limite — Notebook',	'/10/notebook/2MVT_vitesse_lim_vide.ipynb',	'10',	'2025-09-06 20:39:52.820',	'2025-09-06 20:39:52.820',	0,	NULL,	0,	0,	0),
('1735950123859',	'2MVT_parabolique.avi',	'Shoot parfait : parabole.avi',	'/10/autre/2MVT_parabolique.avi',	'10',	'2025-09-06 20:39:52.820',	'2025-09-06 20:39:52.820',	0,	NULL,	0,	0,	0),
('1735952644219',	'2MVT_chute_glycerol.avi',	'Vitesse limite : chute.avi',	'/10/autre/2MVT_chute_glycerol.avi',	'10',	'2025-09-06 20:39:52.820',	'2025-09-06 20:39:52.820',	0,	NULL,	0,	0,	0),
('1736153524872',	'1S_C4_intro.pdf',	'Fabrication de sandwichs',	'/15/pdf/1S_C4_intro.pdf',	'15',	'2025-09-06 20:39:52.810',	'2025-09-06 20:39:52.810',	0,	NULL,	0,	0,	0),
('1736155906779',	'TSTI_C6_A1.pdf',	'Tracé expérimental de la courbe de vaporisation de l’eau',	'/5/pdf/TSTI_C6_A1.pdf',	'5',	'2025-09-06 20:39:52.811',	'2025-09-27 08:45:29.818',	0,	NULL,	0,	0,	0),
('1736157814914',	'1S_T4_C1_A4.pdf',	'Double périodicité (spatiale et temporelle)',	'/16/pdf/1S_T4_C1_A4.pdf',	'16',	'2025-09-06 20:39:52.809',	'2025-09-06 20:39:52.809',	0,	NULL,	0,	0,	0),
('1737011062105',	'1S_C5_A1.pdf',	'AE : dosage d\'un anti mousse',	'/17/pdf/1S_C5_A1.pdf',	'17',	'2025-09-06 20:39:52.813',	'2025-09-06 20:39:52.813',	0,	NULL,	0,	0,	0),
('1737028835331',	'2matE_bilan_chap4.pdf',	'T1 Chapitre 4 — Le noyau de l\'atome',	'/12/pdf/2matE_bilan_chap4.pdf',	'12',	'2025-09-06 20:39:52.812',	'2025-09-06 20:39:52.812',	0,	NULL,	0,	0,	0),
('1737051131472',	'TSTI_C1_TP1.pdf',	'TP1 — Sujet',	'/2/pdf/TSTI_C1_TP1.pdf',	'2',	'2025-09-06 20:39:52.806',	'2025-09-06 20:39:52.806',	0,	NULL,	0,	0,	0),
('1737356496655',	'1S_C5_A2.pdf',	'AE : contrôle qualité d’une solution de bétadine',	'/17/pdf/1S_C5_A2.pdf',	'17',	'2025-09-06 20:39:52.813',	'2025-09-06 20:39:52.813',	0,	NULL,	0,	0,	0),
('1737502011057',	'2nd_T1_C6_config_el_2.ipynb',	'Notebook Python',	'/13/notebook/2nd_T1_C6_config_el_2.ipynb',	'13',	'2025-09-06 20:39:52.818',	'2025-09-06 20:39:52.818',	0,	NULL,	0,	0,	0),
('1737534191717',	'2nd_T1_C5_coches_el_3.pdf',	'Couches électroniques',	'/14/pdf/2nd_T1_C5_coches_el_3.pdf',	'14',	'2025-09-06 20:39:52.817',	'2025-09-06 20:39:52.817',	0,	NULL,	0,	0,	0),
('1737546829601',	'2nd_T1_C1_cours_2.pdf',	'T1 Chapitre 1 — Identification des espèces chimiques',	'/12/pdf/2nd_T1_C1_cours_2.pdf',	'12',	'2025-09-06 20:39:52.812',	'2025-09-06 20:39:52.812',	0,	NULL,	0,	0,	0),
('1737639989000',	'1S_C4_fiche_1.ipynb',	'Avancement : Python 1',	'/15/notebook/1S_C4_fiche_1.ipynb',	'15',	'2025-09-06 20:39:52.810',	'2025-09-06 20:39:52.810',	0,	NULL,	0,	0,	0),
('1737639999341',	'1S_C4_fiche_2.ipynb',	'Avancement : Python 2',	'/15/notebook/1S_C4_fiche_2.ipynb',	'15',	'2025-09-06 20:39:52.810',	'2025-09-06 20:39:52.810',	0,	NULL,	0,	0,	0),
('1737640012131',	'1S_C4_fiche_3.ipynb',	'Avancement : Python 3',	'/15/notebook/1S_C4_fiche_3.ipynb',	'15',	'2025-09-06 20:39:52.810',	'2025-09-06 20:39:52.810',	0,	NULL,	0,	0,	0),
('1737972591733',	'TSTI_C8_A1_2.pdf',	'Acides et bases de BRØNSTED',	'/18/pdf/TSTI_C8_A1_2.pdf',	'18',	'2025-09-06 20:39:52.819',	'2025-09-06 20:39:52.819',	0,	NULL,	0,	0,	0),
('1737972778771',	'TSTI_C7_A1.pdf',	'AE : combustion complète',	'/6/pdf/TSTI_C7_A1.pdf',	'6',	'2025-09-06 20:39:52.812',	'2025-09-06 20:39:52.812',	0,	NULL,	0,	0,	0),
('1738570415261',	'1S_C6_structures.pdf',	'T1 Chapitre 6 — Polarité et structures chimiques',	'/21/pdf/1S_C6_structures.pdf',	'21',	'2025-09-06 20:39:52.823',	'2025-09-06 20:39:52.823',	0,	NULL,	0,	0,	0),
('1738570437194',	'1S_C5_titrages.pdf',	'T1 Chapitre 5 — Introduction au titrage',	'/21/pdf/1S_C5_titrages.pdf',	'21',	'2025-09-06 20:39:52.823',	'2025-09-06 20:39:52.823',	0,	NULL,	0,	0,	0),
('1738571132779',	'1S_C0_incertitudes.pdf',	'Chapitre 0',	'/21/pdf/1S_C0_incertitudes.pdf',	'21',	'2025-09-06 20:39:52.823',	'2025-09-06 20:39:52.823',	0,	NULL,	0,	0,	0),
('1738574946045',	'TSTI_C8_A4.pdf',	'AE: un chou rouge haut en couleur !',	'/18/pdf/TSTI_C8_A4.pdf',	'18',	'2025-09-06 20:39:52.819',	'2025-09-06 20:39:52.819',	0,	NULL,	0,	0,	0),
('1739171256792',	'1S_C4_CE1.pdf',	'CE 1',	'/15/pdf/1S_C4_CE1.pdf',	'15',	'2025-09-06 20:39:52.810',	'2025-09-06 20:39:52.810',	0,	NULL,	0,	0,	0),
('1739171266499',	'1S_C4_CE2.pdf',	'CE 2',	'/15/pdf/1S_C4_CE2.pdf',	'15',	'2025-09-06 20:39:52.810',	'2025-09-06 20:39:52.810',	0,	NULL,	0,	0,	0),
('1739266825612',	'2nd_T3_C1_A5.pdf',	'Activité 5',	'/23/pdf/2nd_T3_C1_A5.pdf',	'23',	'2025-09-06 20:39:52.822',	'2025-09-06 20:39:52.822',	0,	NULL,	0,	0,	0),
('1740427776643',	'1S_T1_C8_A2.pdf',	'Familles de molécules',	'/24/pdf/1S_T1_C8_A2.pdf',	'24',	'2025-09-06 20:39:52.822',	'2025-09-06 20:39:52.822',	0,	NULL,	0,	0,	0),
('1740427798427',	'1S_T1_C8_A3.pdf',	'Identification de substances chimiques',	'/24/pdf/1S_T1_C8_A3.pdf',	'24',	'2025-09-06 20:39:52.822',	'2025-09-06 20:39:52.822',	0,	NULL,	0,	0,	0),
('1740433468614',	'1S_C1_masse_molaire.pdf',	'T1 Chapitre 1 — Moles et masses molaires ',	'/21/pdf/1S_C1_masse_molaire.pdf',	'21',	'2025-09-06 20:39:52.823',	'2025-09-06 20:39:52.823',	0,	NULL,	0,	0,	0),
('1740433488544',	'1S_C2_dosage_colorimetrique.pdf',	'T1 Chapitre 2 — Analyse d’espèces colorées en solution',	'/21/pdf/1S_C2_dosage_colorimetrique.pdf',	'21',	'2025-09-06 20:39:52.823',	'2025-09-06 20:39:52.823',	0,	NULL,	0,	0,	0),
('1740436111204',	'1S_C4_avancement.pdf',	'T1 Chapitre 4 — Transformations chimiques et tableau d’avancement',	'/21/pdf/1S_C4_avancement.pdf',	'21',	'2025-09-06 20:39:52.823',	'2025-09-06 20:39:52.823',	0,	NULL,	0,	0,	0),
('1740436187207',	'1S_C7_interaction_micro.pdf',	'T1 Chapitre 7 — Les interactions qui lient et dissolvent',	'/21/pdf/1S_C7_interaction_micro.pdf',	'21',	'2025-09-06 20:39:52.823',	'2025-09-06 20:39:52.823',	0,	NULL,	0,	0,	0),
('1740436217061',	'1S_C8_structures.pdf',	'T1 Chapitre 8 — Structure des entités organiques',	'/21/pdf/1S_C8_structures.pdf',	'21',	'2025-09-06 20:39:52.823',	'2025-09-06 20:39:52.823',	0,	NULL,	0,	0,	0),
('1740436247559',	'1S_C9_syntheses.pdf',	'T1 Chapitre 9 — Synthèses organiques',	'/21/pdf/1S_C9_syntheses.pdf',	'21',	'2025-09-06 20:39:52.823',	'2025-09-06 20:39:52.823',	0,	NULL,	0,	0,	0),
('1740438845924',	'1S_C3_redox.pdf',	'T1 Chapitre 3 — Réactions redox et leur équilibrage',	'/21/pdf/1S_C3_redox.pdf',	'21',	'2025-09-06 20:39:52.823',	'2025-09-06 20:39:52.823',	0,	NULL,	0,	0,	0),
('1740740585766',	'2SNT_algo.ipynb',	'Missions',	'/19/notebook/2SNT_algo.ipynb',	'19',	'2025-09-06 20:39:52.800',	'2025-09-06 20:39:52.800',	0,	NULL,	0,	0,	0),
('1740742636989',	'piano.wav',	'Son piano',	'/26/autre/piano.wav',	'26',	'2025-09-06 20:39:52.825',	'2025-09-06 20:39:52.825',	0,	NULL,	0,	0,	0),
('1740760631242',	'son440.wav',	'Son 440 Hz',	'/26/autre/son440.wav',	'26',	'2025-09-06 20:39:52.825',	'2025-09-06 20:39:52.825',	0,	NULL,	0,	0,	0),
('1740761197770',	'son880.wav',	'Son 880 Hz',	'/26/autre/son880.wav',	'26',	'2025-09-06 20:39:52.825',	'2025-09-06 20:39:52.825',	0,	NULL,	0,	0,	0),
('1740761247138',	'son1760.wav',	'Son 1760 Hz',	'/26/autre/son1760.wav',	'26',	'2025-09-06 20:39:52.825',	'2025-09-06 20:39:52.825',	0,	NULL,	0,	0,	0),
('1740761319726',	'son1100.wav',	'Son 1100 Hz',	'/26/autre/son1100.wav',	'26',	'2025-09-06 20:39:52.825',	'2025-09-06 20:39:52.825',	0,	NULL,	0,	0,	0),
('1740761347277',	'son1320.wav',	'Son 1320 Hz',	'/26/autre/son1320.wav',	'26',	'2025-09-06 20:39:52.825',	'2025-09-06 20:39:52.825',	0,	NULL,	0,	0,	0),
('1740761371783',	'son220.wav',	'Son 220 Hz',	'/26/autre/son220.wav',	'26',	'2025-09-06 20:39:52.825',	'2025-09-06 20:39:52.825',	0,	NULL,	0,	0,	0),
('1740762645397',	'son1540.wav',	'Son 1540 Hz',	'/26/autre/son1540.wav',	'26',	'2025-09-06 20:39:52.825',	'2025-09-06 20:39:52.825',	0,	NULL,	0,	0,	0),
('1740900605935',	'son1.wav',	'Son 1',	'/26/autre/son1.wav',	'26',	'2025-09-06 20:39:52.825',	'2025-09-06 20:39:52.825',	0,	NULL,	0,	0,	0),
('1740900613419',	'son2.wav',	'Son 2',	'/26/autre/son2.wav',	'26',	'2025-09-06 20:39:52.825',	'2025-09-06 20:39:52.825',	0,	NULL,	0,	0,	0),
('1740903060007',	'TSTI_C9_Ac5.xlsx',	'Tableur : Analyse spectrale et décomposition de signaux sonores',	'/26/autre/TSTI_C9_Ac5.xlsx',	'26',	'2025-09-06 20:39:52.825',	'2025-09-06 20:39:52.825',	0,	NULL,	0,	0,	0),
('1740903152984',	'TSTI_C9_A5.pdf',	'AE : Analyse spectrale et décomposition de signaux sonores',	'/26/pdf/TSTI_C9_A5.pdf',	'26',	'2025-09-06 20:39:52.825',	'2025-09-06 20:39:52.825',	0,	NULL,	0,	0,	0),
('1740904058000',	'TSTI_C9_A1.pdf',	'AE : Décomposition de Fourier des signaux périodiques',	'/26/pdf/TSTI_C9_A1.pdf',	'26',	'2025-09-06 20:39:52.825',	'2025-09-06 20:39:52.825',	0,	NULL,	0,	0,	0),
('1740904376323',	'TSTI_C9.pdf',	'Chapitre 9 — Notion d\'ondes',	'/1/pdf/TSTI_C9.pdf',	'1',	'2025-09-06 20:39:52.831',	'2025-09-28 05:50:34.149',	8,	NULL,	0,	0,	0),
('1741010015875',	'TSTI_C9_Ac1.xlsx',	'Tableur : Décomposition de Fourier des signaux périodiques',	'/26/autre/TSTI_C9_Ac1.xlsx',	'26',	'2025-09-06 20:39:52.825',	'2025-09-06 20:39:52.825',	0,	NULL,	0,	0,	0),
('1741017607265',	'2sntS_web_bilan.pdf',	'Cours',	'/28/pdf/2sntS_web_bilan.pdf',	'28',	'2025-09-06 20:39:52.803',	'2025-09-06 20:39:52.803',	0,	NULL,	0,	0,	0),
('1741079021164',	'2SNT_Algo.pdf',	'Parcours d\'activités',	'/19/pdf/2SNT_Algo.pdf',	'19',	'2025-09-06 20:39:52.800',	'2025-09-06 20:39:52.800',	0,	NULL,	0,	0,	0),
('1741121220382',	'TSTI_C9_A2.pdf',	'Analyse spectrale d’un signal périodique',	'/26/pdf/TSTI_C9_A2.pdf',	'26',	'2025-09-06 20:39:52.825',	'2025-09-06 20:39:52.825',	0,	NULL,	0,	0,	0),
('1741121238700',	'TSTI_C9_A3.pdf',	'Rang d’un harmonique dans un signal périodique',	'/26/pdf/TSTI_C9_A3.pdf',	'26',	'2025-09-06 20:39:52.825',	'2025-09-06 20:39:52.825',	0,	NULL,	0,	0,	0),
('1741121374180',	'TSTI_C9_A4.pdf',	'AE : Détermination du spectre d’amplitude d’une onde périodique',	'/26/pdf/TSTI_C9_A4.pdf',	'26',	'2025-09-06 20:39:52.825',	'2025-09-06 20:39:52.825',	0,	NULL,	0,	0,	0),
('1741121463077',	'TSTI_C10_A1.pdf',	'L’effet photoélectrique',	'/30/pdf/TSTI_C10_A1.pdf',	'30',	'2025-09-06 20:39:52.826',	'2025-09-06 20:39:52.826',	0,	NULL,	0,	0,	0),
('1741121479855',	'TSTI_C10_A2.pdf',	'Rendement des conversions énergétiques solaires',	'/30/pdf/TSTI_C10_A2.pdf',	'30',	'2025-09-06 20:39:52.826',	'2025-09-06 20:39:52.826',	0,	NULL,	0,	0,	0),
('1741121593573',	'TSTI_C11_A1.pdf',	'Transmission d’information par modulation d’amplitude',	'/27/pdf/TSTI_C11_A1.pdf',	'27',	'2025-09-06 20:39:52.827',	'2025-09-06 20:39:52.827',	0,	NULL,	0,	0,	0),
('1741121608307',	'TSTI_C11_A2.pdf',	'Communication par fibre optique',	'/27/pdf/TSTI_C11_A2.pdf',	'27',	'2025-09-06 20:39:52.827',	'2025-09-06 20:39:52.827',	0,	NULL,	0,	0,	0),
('1741121624995',	'TSTI_C11_A3.pdf',	'Émission et réception d’ondes électromagnétiques',	'/27/pdf/TSTI_C11_A3.pdf',	'27',	'2025-09-06 20:39:52.827',	'2025-09-06 20:39:52.827',	0,	NULL,	0,	0,	0),
('1741121779978',	'TSTI_C8_A3.pdf',	'AE : Dilution d’acide',	'/18/pdf/TSTI_C8_A3.pdf',	'18',	'2025-09-06 20:39:52.819',	'2025-09-06 20:39:52.819',	0,	NULL,	0,	0,	0),
('1741127866663',	'2nd_T1_C2_A1.pdf',	'AE : Dissolution',	'/31/pdf/2nd_T1_C2_A1.pdf',	'31',	'2025-09-06 20:39:52.815',	'2025-09-06 20:39:52.815',	0,	NULL,	0,	0,	0),
('1741127929186',	'2nd_T1_C2_A2.pdf',	'AE : Conductimétrie',	'/31/pdf/2nd_T1_C2_A2.pdf',	'31',	'2025-09-06 20:39:52.815',	'2025-09-06 20:39:52.815',	0,	NULL,	0,	0,	0),
('1741127947737',	'2nd_T1_C2_A3.pdf',	'AE : Dilution',	'/31/pdf/2nd_T1_C2_A3.pdf',	'31',	'2025-09-06 20:39:52.815',	'2025-09-06 20:39:52.815',	0,	NULL,	0,	0,	0),
('1741128095157',	'2nd_T1_C1_A1.pdf',	'Masse volumique',	'/32/pdf/2nd_T1_C1_A1.pdf',	'32',	'2025-09-06 20:39:52.814',	'2025-09-06 20:39:52.814',	0,	NULL,	0,	0,	0),
('1741128128162',	'2nd_T1_C3_A2.pdf',	'AE : La mole',	'/33/pdf/2nd_T1_C3_A2.pdf',	'33',	'2025-09-06 20:39:52.816',	'2025-09-06 20:39:52.816',	0,	NULL,	0,	0,	0),
('1741128144652',	'2nd_T1_C3_A1.pdf',	'Des milliards d’entités',	'/33/pdf/2nd_T1_C3_A1.pdf',	'33',	'2025-09-06 20:39:52.816',	'2025-09-06 20:39:52.816',	0,	NULL,	0,	0,	0),
('1741128170152',	'2nd_T1_C4_A1.pdf',	'L’atome, une structure complexe',	'/34/pdf/2nd_T1_C4_A1.pdf',	'34',	'2025-09-06 20:39:52.816',	'2025-09-06 20:39:52.816',	0,	NULL,	0,	0,	0),
('1741128215383',	'2nd_T1_C5_A1.pdf',	'AE : La famille des halogènes',	'/14/pdf/2nd_T1_C5_A1.pdf',	'14',	'2025-09-06 20:39:52.817',	'2025-09-06 20:39:52.817',	0,	NULL,	0,	0,	0),
('1741128343906',	'2nd_T1_C6_charges_ions.pdf',	'Charge d’ions monoatomique',	'/13/pdf/2nd_T1_C6_charges_ions.pdf',	'13',	'2025-09-06 20:39:52.818',	'2025-09-06 20:39:52.818',	0,	NULL,	0,	0,	0),
('1741128362596',	'2nd_T1_C6_lewis_structure_1.pdf',	'Modèle de LEWIS, énergie de liaison',	'/13/pdf/2nd_T1_C6_lewis_structure_1.pdf',	'13',	'2025-09-06 20:39:52.818',	'2025-09-06 20:39:52.818',	0,	NULL,	0,	0,	0),
('1741214174381',	'TSTI_Numworks_emulateur.html',	'Émulateur : Numworks',	'/29/autre/TSTI_Numworks_emulateur.html',	'29',	'2025-09-06 20:39:52.830',	'2025-09-06 20:39:52.830',	0,	NULL,	0,	0,	0),
('1741214280093',	'TSTI_TI83_tuto.pdf',	'Tutoriel : TI 83 Premium',	'/29/pdf/TSTI_TI83_tuto.pdf',	'29',	'2025-09-06 20:39:52.830',	'2025-09-06 20:39:52.830',	0,	NULL,	0,	0,	0),
('1741767339001',	'tableau_periodique_LEWIS_vide.png',	'Tableau périodique',	'/13/autre/tableau_periodique_LEWIS_vide.png',	'13',	'2025-09-06 20:39:52.818',	'2025-09-06 20:39:52.818',	0,	NULL,	0,	0,	0),
('1741797215047',	'2nd_T1_C5_cours_1.pdf',	'T1 Chapitre 5 — L’électron dans l’atome',	'/12/pdf/2nd_T1_C5_cours_1.pdf',	'12',	'2025-09-06 20:39:52.812',	'2025-09-06 20:39:52.812',	0,	NULL,	0,	0,	0),
('1741797243448',	'2nd_T1_C6_cours.pdf',	'T1 Chapitre 6 — Stabilité des entités chimiques',	'/12/pdf/2nd_T1_C6_cours.pdf',	'12',	'2025-09-06 20:39:52.812',	'2025-09-06 20:39:52.812',	0,	NULL,	0,	0,	0),
('1741896390645',	'TSTI_C10.pdf',	'Chapitre 10 — Énergie transportée par la lumière',	'/1/pdf/TSTI_C10.pdf',	'1',	'2025-09-06 20:39:52.831',	'2025-09-28 05:50:34.165',	9,	NULL,	0,	0,	0),
('1741896410216',	'TSTI_C11.pdf',	'Chapitre 11 — Télécommunications par ondes électromagnétiques',	'/1/pdf/TSTI_C11.pdf',	'1',	'2025-09-06 20:39:52.831',	'2025-09-28 05:50:34.181',	10,	NULL,	0,	0,	0),
('1742897055256',	'2nd_T3_C2_A3.pdf',	'Spectre d’émission du Soleil',	'/35/pdf/2nd_T3_C2_A3.pdf',	'35',	'2025-09-06 20:39:52.828',	'2025-09-06 20:39:52.828',	0,	NULL,	0,	0,	0),
('1742897071237',	'2nd_T3_C2_soleil_vide.ipynb',	'Spectre d’émission du Soleil — Notebook',	'/35/notebook/2nd_T3_C2_soleil_vide.ipynb',	'35',	'2025-09-06 20:39:52.828',	'2025-09-28 15:52:12.764',	0,	NULL,	0,	0,	0),
('1743060751604',	'1S_T1_C7_CE1.pdf',	'CE1',	'/1/pdf/1S_T1_C7_CE1.pdf',	'1',	'2025-09-06 20:39:52.831',	'2025-09-28 05:50:34.215',	13,	NULL,	0,	0,	0),
('1743061773639',	'1S_T1_C8_A2_molecules.pdf',	'Molécules à classer',	'/24/pdf/1S_T1_C8_A2_molecules.pdf',	'24',	'2025-09-06 20:39:52.822',	'2025-09-06 20:39:52.822',	0,	NULL,	0,	0,	0),
('1743061774387',	'1S_T1_C8_A2_molecules_1.pdf',	'Molécules à classer',	'/24/pdf/1S_T1_C8_A2_molecules_1.pdf',	'24',	'2025-09-06 20:39:52.822',	'2025-09-06 20:39:52.822',	0,	NULL,	0,	0,	0),
('1743486997824',	'donnees_commerce.csv',	'donnees_commerce.csv',	'/37/autre/donnees_commerce.csv',	'37',	'2025-09-06 20:39:52.804',	'2025-09-06 20:39:52.804',	0,	NULL,	0,	0,	0),
('1743489306689',	'2SNT_T4_recensement_France.csv',	'recensement_France.csv',	'/37/autre/2SNT_T4_recensement_France.csv',	'37',	'2025-09-06 20:39:52.804',	'2025-09-06 20:39:52.804',	0,	NULL,	0,	0,	0),
('1743492359800',	'2SNT_T4_resencement_vide.ipynb',	'Recensement',	'/37/notebook/2SNT_T4_resencement_vide.ipynb',	'37',	'2025-09-06 20:39:52.804',	'2025-09-06 20:39:52.804',	0,	NULL,	0,	0,	0),
('1743494257321',	'2SNT_T4_4_fichiers.zip',	'Archive de 4 fichiers',	'/37/autre/2SNT_T4_4_fichiers.zip',	'37',	'2025-09-06 20:39:52.804',	'2025-09-06 20:39:52.804',	0,	NULL,	0,	0,	0),
('1743792343331',	'TSTI_C12.pdf',	'Chapitre 12 — Ondes sonores',	'/1/pdf/TSTI_C12.pdf',	'1',	'2025-09-06 20:39:52.831',	'2025-09-28 05:50:34.192',	11,	NULL,	0,	0,	0),
('1743792404354',	'TSTI_C13.pdf',	'Chapitre 13 — Dynamique des solides',	'/1/pdf/TSTI_C13.pdf',	'1',	'2025-09-06 20:39:52.831',	'2025-09-28 05:50:34.204',	12,	NULL,	0,	0,	0),
('1744100935391',	'2nd_T3_C1_A4.pdf',	'Activité 4',	'/23/pdf/2nd_T3_C1_A4.pdf',	'23',	'2025-09-06 20:39:52.822',	'2025-09-06 20:39:52.822',	0,	NULL,	0,	0,	0),
('1747022885794',	'Lien_Chronophys.txt',	'Lien Chronophys',	'/38/autre/Lien_Chronophys.txt',	'38',	'2025-09-06 20:39:52.829',	'2025-09-06 20:39:52.829',	0,	NULL,	0,	0,	0),
('1747122880294',	'2SNT_T4_prix_petrole_dollar.csv',	'Prix pétrole en $',	'/37/autre/2SNT_T4_prix_petrole_dollar.csv',	'37',	'2025-09-06 20:39:52.804',	'2025-09-06 20:39:52.804',	0,	NULL,	0,	0,	0),
('1747124597596',	'2sigE_bilan_chap3.pdf',	'Cours',	'/40/pdf/2sigE_bilan_chap3.pdf',	'40',	'2025-09-06 20:39:52.832',	'2025-09-06 20:39:52.832',	0,	NULL,	0,	0,	0),
('1747644331149',	'chronophys_prise_en_main.pdf',	'Prise en main Chronophys',	'/39/pdf/chronophys_prise_en_main.pdf',	'39',	'2025-09-06 20:39:52.829',	'2025-09-06 20:39:52.829',	0,	NULL,	0,	0,	0),
('1747644380730',	'Lien_Chronophys.txt',	'Lien Chronophys',	'/39/autre/Lien_Chronophys.txt',	'39',	'2025-09-06 20:39:52.829',	'2025-09-06 20:39:52.829',	0,	NULL,	0,	0,	0),
('1747648688656',	'TSTI_C13_A5_rotation_disque.mp4',	'Rotation disque',	'/39/autre/TSTI_C13_A5_rotation_disque.mp4',	'39',	'2025-09-06 20:39:52.829',	'2025-09-06 20:39:52.829',	0,	NULL,	0,	0,	0),
('1747661103725',	'TSTI_C13_A1_twingo.mp4',	'Twingo qui roule',	'/39/autre/TSTI_C13_A1_twingo.mp4',	'39',	'2025-09-06 20:39:52.829',	'2025-09-06 20:39:52.829',	0,	NULL,	0,	0,	0),
('1747725779842',	'2SNT_T4_adherents_association.csv',	'Adhérents association',	'/37/autre/2SNT_T4_adherents_association.csv',	'37',	'2025-09-06 20:39:52.804',	'2025-09-06 20:39:52.804',	0,	NULL,	0,	0,	0),
('1747725900709',	'2SNT_T4_adherents_association_2.csv',	'Adhérents association 2',	'/37/autre/2SNT_T4_adherents_association_2.csv',	'37',	'2025-09-06 20:39:52.804',	'2025-09-06 20:39:52.804',	0,	NULL,	0,	0,	0),
('1747911616217',	'2T3_C3_resistor.ipynb',	'Résistor',	'/40/notebook/2T3_C3_resistor.ipynb',	'40',	'2025-09-06 20:39:52.832',	'2025-09-06 20:39:52.832',	0,	NULL,	0,	0,	0),
('1747914413763',	'2T3_C3_jeu_maison_futur.txt',	'Programmer la maison du futur',	'/40/autre/2T3_C3_jeu_maison_futur.txt',	'40',	'2025-09-06 20:39:52.832',	'2025-09-06 20:39:52.832',	0,	NULL,	0,	0,	0),
('1748938310128',	'1S_T3_C3_balle_tennis.mp4',	'Chute 1',	'/41/autre/1S_T3_C3_balle_tennis.mp4',	'41',	'2025-09-06 20:39:52.869',	'2025-09-06 20:39:52.869',	0,	NULL,	0,	0,	0),
('1748938322104',	'1S_T3_C3_petanque.mp4',	'Chute 2',	'/41/autre/1S_T3_C3_petanque.mp4',	'41',	'2025-09-06 20:39:52.869',	'2025-09-06 20:39:52.869',	0,	NULL,	0,	0,	0),
('1748938471948',	'lien_chronophys.txt',	'Lien Chronophys',	'/41/autre/lien_chronophys.txt',	'41',	'2025-09-06 20:39:52.869',	'2025-09-06 20:39:52.869',	0,	NULL,	0,	0,	0),
('1749019258540',	'1S_T2_C3_mesure_pesanteur.pdf',	'Mesure expérimentale de l’intensité de pesanteur',	'/41/pdf/1S_T2_C3_mesure_pesanteur.pdf',	'41',	'2025-09-06 20:39:52.869',	'2025-09-06 20:39:52.869',	0,	NULL,	0,	0,	0),
('1749718763213',	'TSTI_C15_vide.ipynb',	'Notebook vide',	'/42/notebook/TSTI_C15_vide.ipynb',	'42',	'2025-09-06 20:39:52.873',	'2025-09-06 20:39:52.873',	0,	NULL,	0,	0,	0),
('1749718831726',	'14_radioactivite_tp-base.pdf',	'Sujet',	'/42/pdf/14_radioactivite_tp-base.pdf',	'42',	'2025-09-06 20:39:52.873',	'2025-09-06 20:39:52.873',	0,	NULL,	0,	0,	0),
('1757255999220',	'1S_C0_supplement.pdf',	'Supplément : équation différentielle',	'/43/pdf/1S_C0_supplement.pdf',	'43',	'2025-09-07 14:39:59.221',	'2025-09-07 14:39:59.221',	0,	NULL,	0,	0,	0),
('1757260948565',	'1S_rentree.pdf',	'Présentation rentrée',	'/43/pdf/1S_rentree.pdf',	'43',	'2025-09-07 16:02:28.568',	'2025-09-07 16:02:28.568',	0,	NULL,	0,	0,	0),
('1757364647840',	'TSTI_C0_energie.pdf',	'Révision 1ère : énergie',	'/44/pdf/TSTI_C0_energie.pdf',	'44',	'2025-09-08 20:50:47.841',	'2025-09-08 20:50:47.841',	0,	NULL,	0,	0,	0),
('1757364671487',	'TSTI_C0_forces.pdf',	'Révision 1ère : forces',	'/44/pdf/TSTI_C0_forces.pdf',	'44',	'2025-09-08 20:51:11.488',	'2025-09-08 20:51:11.488',	0,	NULL,	0,	0,	0),
('1757366185693',	'TSTI_C1_incertitudes.pdf',	'Chapitre 1 — Unités et incertitudes de mesures expérimentales',	'/1/pdf/TSTI_C1_incertitudes.pdf',	'1',	'2025-09-08 21:16:25.694',	'2025-09-28 05:50:34.063',	0,	NULL,	0,	0,	0),
('1757366883133',	'TSTI_Resumes_C1.pdf',	'C1 — Résumé',	'/2/pdf/TSTI_Resumes_C1.pdf',	'2',	'2025-09-08 21:28:03.134',	'2025-09-08 21:28:03.134',	0,	NULL,	0,	0,	0),
('1757403689915',	'1S_C0_incertitudes.pdf',	'Unités et incertitudes de mesures expérimentales',	'/43/pdf/1S_C0_incertitudes.pdf',	'43',	'2025-09-09 07:41:29.916',	'2025-09-09 07:41:29.916',	0,	NULL,	0,	0,	0),
('1757572577920',	'1S_C0_incertitudes.pdf',	'Unités et incertitudes de mesures expérimentales',	'/45/pdf/1S_C0_incertitudes.pdf',	'45',	'2025-09-11 06:36:17.922',	'2025-09-11 06:36:17.922',	0,	NULL,	0,	0,	0),
('1757580421547',	'1S_Resumes__glisses_.pdf',	'T2 Chapitre 3 : résumé',	'/46/pdf/1S_Resumes__glisses_.pdf',	'46',	'2025-09-11 08:47:01.548',	'2025-09-28 11:46:29.977',	0,	NULL,	0,	0,	0),
('1757580537081',	'1S_T2_C3_predi_mouvement.pdf',	'Prédiction du mouvement par l’analyse des forces',	'/46/pdf/1S_T2_C3_predi_mouvement.pdf',	'46',	'2025-09-11 08:48:57.082',	'2025-09-28 11:46:29.989',	1,	NULL,	0,	0,	0),
('1757918074765',	'TSTI_C2_TP1.pdf',	'TP2 — Sujet',	'/3/pdf/TSTI_C2_TP1.pdf',	'3',	'2025-09-15 06:34:34.766',	'2025-09-15 06:34:34.766',	0,	NULL,	0,	0,	0),
('1757968250607',	'TST_C2_TP_1_CORRECTION.ipynb',	'TP2 Python — Correction',	'/47/notebook/TST_C2_TP_1_CORRECTION.ipynb',	'47',	'2025-09-15 20:30:50.608',	'2025-09-15 20:30:50.608',	0,	NULL,	0,	0,	0),
('1758185200510',	'1S_T2_C3_mesure_pesanteur.pdf',	'Mesure expérimentale de l’intensité de pesanteur',	'/46/pdf/1S_T2_C3_mesure_pesanteur.pdf',	'46',	'2025-09-18 08:46:40.511',	'2025-09-28 11:46:30.005',	2,	NULL,	0,	0,	0),
('1758185351166',	'VIDEO_1.mp4',	'VIDÉO 1',	'/46/autre/VIDEO_1.mp4',	'46',	'2025-09-18 08:49:11.167',	'2025-09-28 11:46:30.019',	3,	NULL,	0,	0,	0),
('1758185365011',	'VIDEO_2.mp4',	'VIDÉO 2',	'/46/autre/VIDEO_2.mp4',	'46',	'2025-09-18 08:49:25.012',	'2025-09-28 11:46:30.034',	4,	NULL,	0,	0,	0),
('1758185420261',	'Chronophys___prise_en_main.pdf',	'Chronophys : prise en main',	'/46/pdf/Chronophys___prise_en_main.pdf',	'46',	'2025-09-18 08:50:20.262',	'2025-09-28 11:46:30.047',	5,	NULL,	0,	0,	0),
('1758185496463',	'Lien_Chronophys.txt',	'Lien Chronophys',	'/46/autre/Lien_Chronophys.txt',	'46',	'2025-09-18 08:51:36.464',	'2025-09-28 11:46:30.058',	6,	NULL,	0,	0,	0),
('1758524633648',	'TSTI_C2_A1_Pyhton.pdf',	'TP2 — Sujet PYTHON',	'/3/pdf/TSTI_C2_A1_Pyhton.pdf',	'3',	'2025-09-22 07:03:53.649',	'2025-09-22 07:03:53.649',	0,	NULL,	0,	0,	0),
('1758528178524',	'TSTI_C2_TD_AGRAPHES.pdf',	'C2 TD',	'/3/pdf/TSTI_C2_TD_AGRAPHES.pdf',	'3',	'2025-09-22 08:02:58.525',	'2025-09-22 08:02:58.525',	0,	NULL,	0,	0,	0),
('1758610251736',	'1S_T4_C1_A4.pdf',	'Double périodicité (spatiale et temporelle)',	'/48/pdf/1S_T4_C1_A4.pdf',	'48',	'2025-09-23 06:50:51.737',	'2025-09-28 14:22:28.845',	0,	NULL,	0,	0,	0),
('1758616957693',	'2nd_T3_C2_cours.pdf',	'Cours',	'/35/pdf/2nd_T3_C2_cours.pdf',	'35',	'2025-09-23 08:42:37.694',	'2025-09-23 08:42:37.694',	0,	NULL,	0,	0,	0),
('1758954029867',	'2nd_T3_C2_A2.pdf',	'Type d’étoile',	'/35/pdf/2nd_T3_C2_A2.pdf',	'35',	'2025-09-27 06:20:29.868',	'2025-09-27 06:20:29.868',	0,	NULL,	0,	0,	0),
('1758954153980',	'2nd_T3_C2_A4.pdf',	'Focalisation par une lentille convergente',	'/35/pdf/2nd_T3_C2_A4.pdf',	'35',	'2025-09-27 06:22:33.980',	'2025-09-27 06:22:33.980',	0,	NULL,	0,	0,	0),
('1758954179709',	'2nd_T3_C2_A5.pdf',	'Réfraction de la lumière',	'/35/pdf/2nd_T3_C2_A5.pdf',	'35',	'2025-09-27 06:22:59.710',	'2025-09-27 06:22:59.710',	0,	NULL,	0,	0,	0),
('1758996782615',	'TSTI_C3_Partie_I.pdf',	'Partie 1',	'/49/pdf/TSTI_C3_Partie_I.pdf',	'49',	'2025-09-27 18:13:02.616',	'2025-09-27 18:13:02.616',	0,	NULL,	0,	0,	0),
('1758996795345',	'TSTI_C3_Partie_II.pdf',	'Partie 2',	'/49/pdf/TSTI_C3_Partie_II.pdf',	'49',	'2025-09-27 18:13:15.346',	'2025-09-27 18:13:15.346',	0,	NULL,	0,	0,	0),
('1758996874389',	'TSTI_C3_TP3.pdf',	'TP 3',	'/49/pdf/TSTI_C3_TP3.pdf',	'49',	'2025-09-27 18:14:34.390',	'2025-09-27 18:14:34.390',	0,	NULL,	0,	0,	0),
('1758998063665',	'TSTI_C3_TD_AGRAPHES.pdf',	'C3 TD',	'/49/pdf/TSTI_C3_TD_AGRAPHES.pdf',	'49',	'2025-09-27 18:34:23.666',	'2025-09-27 18:34:23.666',	0,	NULL,	0,	0,	0),
('1759035341258',	'TSTI_C3_piles.pdf',	'Chapitre 3 — Énergie chimique et réactions d\'oxydoréduction',	'/1/pdf/TSTI_C3_piles.pdf',	'1',	'2025-09-28 04:55:41.260',	'2025-09-28 05:50:34.081',	2,	NULL,	0,	0,	0),
('1759040494839',	'1S_T2_C2_A1_effets_pression.pdf',	'Effets de la pression',	'/50/pdf/1S_T2_C2_A1_effets_pression.pdf',	'50',	'2025-09-28 06:21:34.840',	'2025-09-28 06:21:34.840',	0,	NULL,	0,	0,	0),
('1759040992179',	'1S_T2_C2_A2_loi_boyle_mariotte.pdf',	'La loi de BOYLE — MARIOTTE',	'/50/pdf/1S_T2_C2_A2_loi_boyle_mariotte.pdf',	'50',	'2025-09-28 06:29:52.181',	'2025-09-28 06:30:23.224',	1,	NULL,	0,	0,	0),
('1759044152706',	'1S_T2_C2_A3_pression_profondeur.pdf',	'Pression et profondeur',	'/50/pdf/1S_T2_C2_A3_pression_profondeur.pdf',	'50',	'2025-09-28 07:22:32.709',	'2025-09-28 07:22:32.709',	2,	NULL,	0,	0,	0),
('1759059881919',	'1S_T2_C2_resume.pdf',	'T2 Chapitre 2 : résumé',	'/50/pdf/1S_T2_C2_resume.pdf',	'50',	'2025-09-28 11:44:41.921',	'2025-09-28 11:44:41.921',	3,	NULL,	0,	0,	0),
('1759065680118',	'1S_T2_C3_orbites_kepler.pdf',	'Analyse vectorielle des trajectoires planétaires',	'/46/pdf/1S_T2_C3_orbites_kepler.pdf',	'46',	'2025-09-28 13:21:20.120',	'2025-09-28 13:21:20.120',	7,	NULL,	0,	0,	0),
('1759065706947',	'1S_T2_C3_trajectoire.pdf',	'Trajectoire d\'une comète',	'/46/pdf/1S_T2_C3_trajectoire.pdf',	'46',	'2025-09-28 13:21:46.949',	'2025-09-28 13:21:46.949',	8,	NULL,	0,	0,	0),
('1759068281004',	'1S_T4_C1_A2.pdf',	'Mesure de la vitesse du son avec deux smartphones',	'/48/pdf/1S_T4_C1_A2.pdf',	'48',	'2025-09-28 14:04:41.007',	'2025-09-28 14:17:36.203',	1,	NULL,	0,	0,	0),
('1759069101443',	'1S_T4_C1_A3.pdf',	'Mesure de longueur d’onde',	'/48/pdf/1S_T4_C1_A3.pdf',	'48',	'2025-09-28 14:18:21.446',	'2025-09-28 14:18:21.446',	2,	NULL,	0,	0,	0),
('1759069155183',	'1S_T4_C1_A1.pdf',	'Ondes mécaniques',	'/48/pdf/1S_T4_C1_A1.pdf',	'48',	'2025-09-28 14:19:15.185',	'2025-09-28 14:19:15.185',	3,	NULL,	0,	0,	0),
('1759074710314',	'2nd_T3_C2_A1.pdf',	'Décomposition de la lumière visible',	'/35/pdf/2nd_T3_C2_A1.pdf',	'35',	'2025-09-28 15:51:50.317',	'2025-09-28 15:51:50.317',	1,	NULL,	0,	0,	0),
('1759818792842',	'1S_T2_BB.pdf',	'SUJETS',	'/51/pdf/1S_T2_BB.pdf',	'51',	'2025-10-07 06:33:12.844',	'2025-10-07 06:33:12.844',	0,	NULL,	0,	0,	0),
('1760602919356',	'1S_T2_C1_champ_pesanteur_terrestre.pdf',	'Champ de pesanteur terrestre',	'/50/pdf/1S_T2_C1_champ_pesanteur_terrestre.pdf',	'50',	'2025-10-16 08:21:59.359',	'2025-10-16 08:21:59.359',	4,	NULL,	0,	0,	0),
('1761832620741',	'TSTI_C4_Activites.pdf',	'Parcours d\'activité',	'/4/pdf/TSTI_C4_Activites.pdf',	'4',	'2025-10-30 13:57:00.743',	'2025-10-31 16:10:49.846',	1,	NULL,	0,	0,	0),
('1761849075320_332',	'file-drop-1761849075320_332',	'Puissance active (tableur)',	'',	'4',	'2025-10-30 18:31:15.323',	'2025-10-31 23:55:24.011',	2,	'{\"endAt\": \"2025-11-03T12:15\", \"enabled\": true, \"startAt\": \"2025-11-03T08:00\", \"maxSizeMb\": 15, \"displayName\": \"Puissance active (tableur)\", \"acceptedTypes\": [\".xlsx\", \".ods\", \".jpg\", \".jpeg\", \".png\"], \"timeRestricted\": true}',	1,	0,	0),
('1761924701641',	'TSTI_C4_A2_graphs_VIDE.xlsx',	'Activité 2 : tableur XLSX vide',	'/4/autre/TSTI_C4_A2_graphs_VIDE.xlsx',	'4',	'2025-10-31 15:31:41.646',	'2025-10-31 16:11:46.397',	3,	NULL,	0,	0,	0),
('1761925834646',	'TSTI_C4_A2_graphs_VIDE.ods',	'Activité 2 : tableur ODS vide',	'/4/autre/TSTI_C4_A2_graphs_VIDE.ods',	'4',	'2025-10-31 15:50:34.650',	'2025-10-31 16:11:37.897',	4,	NULL,	0,	0,	0),
('1761927660063',	'TSTI_C4_A2_graphs.ods',	'C4 Activité 2 : correction — tableur',	'/47/autre/TSTI_C4_A2_graphs.ods',	'47',	'2025-10-31 16:21:00.066',	'2025-10-31 16:21:00.066',	1,	NULL,	0,	0,	0),
('1762247472673',	'2nd_T3_C2_TD.pdf',	'TD',	'/35/pdf/2nd_T3_C2_TD.pdf',	'35',	'2025-11-04 09:11:12.680',	'2025-11-04 09:11:12.680',	2,	NULL,	0,	0,	0),
('1762423699807',	'1S_T2_C3_mouvement_systeme.pdf',	'T2 Chapitre 3 — Mouvement d’un système',	'/21/pdf/1S_T2_C3_mouvement_systeme.pdf',	'21',	'2025-11-06 10:08:19.811',	'2025-11-06 10:08:19.811',	1,	NULL,	0,	0,	0),
('1762423743177',	'1S_T2_BB.pdf',	'Sujets type',	'/46/pdf/1S_T2_BB.pdf',	'46',	'2025-11-06 10:09:03.179',	'2025-11-06 10:09:03.179',	9,	NULL,	0,	0,	0),
('1762706097707',	'2nd_T3_C2_A6.pdf',	'Modèle de l’œil',	'/35/pdf/2nd_T3_C2_A6.pdf',	'35',	'2025-11-09 16:34:57.710',	'2025-11-09 16:34:57.710',	3,	NULL,	0,	0,	0),
('1762706892632',	'2nd_T0_boite_outils.pdf',	'Boîte à outils en SPC',	'/45/pdf/2nd_T0_boite_outils.pdf',	'45',	'2025-11-09 16:48:12.635',	'2025-11-09 16:49:33.424',	1,	NULL,	0,	0,	0),
('1762711522601',	'1S_T2_C1_electrisation_par_frottement.pdf',	'Électrisation par frottement',	'/38/pdf/1S_T2_C1_electrisation_par_frottement.pdf',	'38',	'2025-11-09 18:05:22.604',	'2025-11-09 18:05:22.604',	1,	NULL,	0,	0,	0),
('1762711539003',	'1S_T2_C1_champ_electrostatique_condensateur.pdf',	'Champ électrostatique d’un condensateur',	'/38/pdf/1S_T2_C1_champ_electrostatique_condensateur.pdf',	'38',	'2025-11-09 18:05:39.006',	'2025-11-09 18:05:39.006',	2,	NULL,	0,	0,	0),
('1762711577140',	'1S_T2_C1_champ_pesanteur_terrestre.pdf',	'Champ de pesanteur terrestre',	'/38/pdf/1S_T2_C1_champ_pesanteur_terrestre.pdf',	'38',	'2025-11-09 18:06:17.142',	'2025-11-09 18:06:17.142',	3,	NULL,	0,	0,	0);

DROP TABLE IF EXISTS `classes`;
CREATE TABLE `classes` (
  `id` varchar(191) CHARACTER SET utf8mb4 COLLATE utf8mb4_unicode_ci NOT NULL,
  `name` varchar(191) CHARACTER SET utf8mb4 COLLATE utf8mb4_unicode_ci NOT NULL,
  `toggleVisibilityClasse` tinyint(1) DEFAULT '0',
  `createdAt` datetime(3) NOT NULL DEFAULT CURRENT_TIMESTAMP(3),
  `updatedAt` datetime(3) NOT NULL,
  `hasProgression` tinyint(1) NOT NULL DEFAULT '0',
  PRIMARY KEY (`id`)
) ENGINE=InnoDB DEFAULT CHARSET=utf8mb4 COLLATE=utf8mb4_unicode_ci;

INSERT INTO `classes` (`id`, `name`, `toggleVisibilityClasse`, `createdAt`, `updatedAt`, `hasProgression`) VALUES
('0',	'Autre',	0,	'2025-09-06 20:39:52.794',	'2025-09-15 20:29:11.129',	0),
('4',	'Tle STI2D',	1,	'2025-09-06 20:39:52.796',	'2025-11-09 17:47:55.861',	1),
('5',	'SNT',	1,	'2025-09-06 20:39:52.797',	'2025-09-11 06:41:09.354',	1),
('6',	'Seconde',	1,	'2025-09-06 20:39:52.798',	'2025-09-08 21:30:34.249',	1),
('7',	'1 Spé',	1,	'2025-09-06 20:39:52.799',	'2025-09-11 08:46:02.294',	1);

DROP TABLE IF EXISTS `connection_logs`;
CREATE TABLE `connection_logs` (
  `id` varchar(191) CHARACTER SET utf8mb4 COLLATE utf8mb4_unicode_ci NOT NULL,
  `ip` varchar(191) CHARACTER SET utf8mb4 COLLATE utf8mb4_unicode_ci NOT NULL,
  `timestamp` datetime(3) NOT NULL DEFAULT CURRENT_TIMESTAMP(3),
  `endpoint` varchar(191) CHARACTER SET utf8mb4 COLLATE utf8mb4_unicode_ci NOT NULL,
  `method` varchar(191) CHARACTER SET utf8mb4 COLLATE utf8mb4_unicode_ci NOT NULL,
  `userAgent` varchar(191) CHARACTER SET utf8mb4 COLLATE utf8mb4_unicode_ci DEFAULT NULL,
  `language` varchar(191) CHARACTER SET utf8mb4 COLLATE utf8mb4_unicode_ci DEFAULT NULL,
  `screen` varchar(191) CHARACTER SET utf8mb4 COLLATE utf8mb4_unicode_ci DEFAULT NULL,
  `timezone` varchar(191) CHARACTER SET utf8mb4 COLLATE utf8mb4_unicode_ci DEFAULT NULL,
  PRIMARY KEY (`id`)
) ENGINE=InnoDB DEFAULT CHARSET=utf8mb4 COLLATE=utf8mb4_unicode_ci;


DROP TABLE IF EXISTS `courses`;
CREATE TABLE `courses` (
  `id` varchar(191) CHARACTER SET utf8mb4 COLLATE utf8mb4_unicode_ci NOT NULL,
  `title` varchar(191) CHARACTER SET utf8mb4 COLLATE utf8mb4_unicode_ci NOT NULL,
  `description` text CHARACTER SET utf8mb4 COLLATE utf8mb4_unicode_ci NOT NULL,
  `classe` varchar(191) CHARACTER SET utf8mb4 COLLATE utf8mb4_unicode_ci NOT NULL,
  `theClasseId` varchar(191) CHARACTER SET utf8mb4 COLLATE utf8mb4_unicode_ci NOT NULL,
  `toggleVisibilityCourse` tinyint(1) DEFAULT '0',
  `themeChoice` int DEFAULT '0',
  `createdAt` datetime(3) NOT NULL DEFAULT CURRENT_TIMESTAMP(3),
  `updatedAt` datetime(3) NOT NULL,
  PRIMARY KEY (`id`),
  KEY `courses_theClasseId_fkey` (`theClasseId`),
  CONSTRAINT `courses_theClasseId_fkey` FOREIGN KEY (`theClasseId`) REFERENCES `classes` (`id`) ON DELETE CASCADE ON UPDATE CASCADE
) ENGINE=InnoDB DEFAULT CHARSET=utf8mb4 COLLATE=utf8mb4_unicode_ci;

INSERT INTO `courses` (`id`, `title`, `description`, `classe`, `theClasseId`, `toggleVisibilityCourse`, `themeChoice`, `createdAt`, `updatedAt`) VALUES
(1,	'Documents de cours',	'Retrouvez tous les documents de cours de votre année de terminale en spécialité Physique chimie et mathématiques.',	'Tle STI2D',	4,	1,	1,	'2025-09-06 20:39:52.831',	'2025-11-03 09:30:35.937'),
(10,	'T2 Chapitre 1',	'Description des mouvements d\'un système : référentiels, trajectoires, vecteurs vitesse et variations de mouvements dans l\'espace.',	'Seconde',	6,	0,	1,	'2025-09-06 20:39:52.820',	'2025-09-19 14:41:22.294'),
(11,	'T2 Chapitre 2',	'Étude des forces mécaniques : définition, représentation vectorielle, poids, réactions des supports et interactions gravitationnelles.',	'Seconde',	6,	0,	0,	'2025-09-06 20:39:52.821',	'2025-09-19 14:41:23.042'),
(12,	'Documents de cours',	'Retrouvez tous les documents de cours de votre année de seconde en Physique chimie',	'Seconde',	6,	0,	2,	'2025-09-06 20:39:52.812',	'2025-09-08 21:48:59.865'),
(13,	'T1 Chapitre 6',	'Les règles du duet/octet expliquent la stabilité des gaz nobles et déterminent la formation d\'ions et de molécules par le modèle de Lewis.',	'Seconde',	6,	0,	1,	'2025-09-06 20:39:52.818',	'2025-09-06 20:39:52.818'),
(14,	'T1 Chapitre 5',	'L\'électron dans l\'atome : répartition en couches (n) et sous-couches (s,p), ordre de remplissage des sous-couches : 1s → 2s → 2p → 3s → 3p, déterminant propriétés chimiques et classification périodique des éléments.',	'Seconde',	6,	0,	0,	'2025-09-06 20:39:52.817',	'2025-09-06 20:39:52.817'),
(15,	'T1 Chapitre 4',	'Concepts essentiels des réactions chimiques incluant l\'évolution des quantités des réactifs et de produits : introduction du tableau d\'avancement. ',	'1 Spé',	7,	0,	1,	'2025-09-06 20:39:52.810',	'2025-09-08 21:49:06.948'),
(16,	'T3 Chapitre 1',	'Ondes mécaniques, leur propagation, leurs types (transversales et longitudinales), célérité, retard, fréquence et double périodicité.',	'1 Spé',	7,	0,	0,	'2025-09-06 20:39:52.809',	'2025-09-06 20:39:52.809'),
(17,	'T1 Chapitre 5',	'Le titrage permet de déterminer précisément la concentration d\'une espèce chimique en solution par réaction chimique rapide, totale et unique.',	'1 Spé',	7,	0,	0,	'2025-09-06 20:39:52.813',	'2025-09-06 20:39:52.813'),
(18,	'Chapitre 8',	'Acides/bases, couples acide/base, pH, réactions acido-basiques, dilution et mesure du pH.',	'Tle STI2D',	4,	0,	0,	'2025-09-06 20:39:52.819',	'2025-09-06 20:39:52.819'),
(19,	'0 — Algo',	'Apprendre à définir, afficher et manipuler des variables en Python à travers des algorithmes et des exercices pratiques.',	'SNT',	5,	1,	1,	'2025-09-06 20:39:52.800',	'2025-09-09 04:40:27.320'),
(2,	'Chapitre 1',	'Importance des unités et des incertitudes dans les mesures expérimentales, et leur évaluation avec analyse pour renforcer la fiabilité des résultats.',	'Tle STI2D',	4,	0,	0,	'2025-09-06 20:39:52.806',	'2025-10-31 03:04:45.753'),
(20,	'T1 Chapitre 6',	'Exploration de la polarité, des structures chimiques et de la géométrie moléculaire pour prédire interactions et propriétés des entités chimiques.',	'1 Spé',	7,	0,	0,	'2025-09-06 20:39:52.819',	'2025-09-06 20:39:52.819'),
(21,	'Documents de cours',	'Retrouvez tous les documents de cours de votre année de terminale en spécialité Physique chimie.',	'1 Spé',	7,	0,	0,	'2025-09-06 20:39:52.823',	'2025-09-08 21:49:07.851'),
(23,	'T3 Chapitre 1',	'Le son : vibration, propagation, célérité, périodicité, fréquence, timbre, intensité, audition humaine, seuils, dangers, perception non linéaire.',	'Seconde',	6,	0,	0,	'2025-09-06 20:39:52.822',	'2025-09-19 14:41:25.140'),
(24,	'T1 Chapitre 8',	'Structure des molécules organiques, leur représentation, nomenclature, identification des groupes fonctionnels et analyse par spectroscopie infrarouge.',	'1 Spé',	7,	0,	0,	'2025-09-06 20:39:52.822',	'2025-09-08 21:49:08.504'),
(25,	'T1 Chapitre 9',	'Étapes de synthèse organique : transformation, isolement, purification, identification et optimisation expérimentale.',	'1 Spé',	7,	0,	0,	'2025-09-06 20:39:52.823',	'2025-09-06 20:39:52.823'),
(26,	'Chapitre 9',	'Décomposition d\'un signal périodique en somme de signaux sinusoïdaux (harmoniques). Analyse spectrale représentant l\'amplitude dans le domaine fréquentiel.',	'Tle STI2D',	4,	0,	1,	'2025-09-06 20:39:52.825',	'2025-09-06 20:39:52.825'),
(27,	'Chapitre 11',	'Spectre électromagnétique, transmission d’ondes (radio, filaire), modulation (amplitude/fréquence), porteuse, signal modulant, applications en télécommunications, antennes et propagation des ondes.',	'Tle STI2D',	4,	0,	0,	'2025-09-06 20:39:52.827',	'2025-09-06 20:39:52.827'),
(28,	'2 — Web',	'',	'SNT',	5,	0,	0,	'2025-09-06 20:39:52.803',	'2025-09-06 20:39:52.803'),
(29,	'Calculatrice',	'',	'Tle STI2D',	4,	0,	0,	'2025-09-06 20:39:52.830',	'2025-10-31 03:04:45.092'),
(3,	'Chapitre 2',	'Exploration des formes d\'énergie, leurs unités, les convertisseurs d\'énergie, et les notions de puissance et rendement.',	'Tle STI2D',	4,	0,	1,	'2025-09-06 20:39:52.807',	'2025-09-28 05:52:21.901'),
(30,	'Chapitre 10',	'Nature corpusculaire de la lumière, photons, quantification de l’énergie (E= h × f ), spectres atomiques, transitions électroniques, absorption/émission de lumière, applications photovoltaïques et lien avec les niveaux d’énergie des atomes.',	'Tle STI2D',	4,	0,	0,	'2025-09-06 20:39:52.826',	'2025-11-02 01:03:45.119'),
(31,	'T1 Chapitre 2',	'Concentration des solutions aqueuses, dissolution, dilution, solubilité, conservation de la masse, échelle de teintes, courbe d’étalonnage, importance de la concentration en chimie et vie quotidienne.',	'Seconde',	6,	0,	0,	'2025-09-06 20:39:52.815',	'2025-09-06 20:39:52.815'),
(32,	'T1 Chapitre 1',	'Corps purs et mélanges (homogènes/hétérogènes), espèces chimiques, propriétés physiques (masse volumique, température de changement d\'état, solubilité), identification par propriétés physiques et tests chimiques.',	'Seconde',	6,	0,	0,	'2025-09-06 20:39:52.814',	'2025-09-06 20:39:52.814'),
(33,	'T1 Chapitre 3',	'Constitution de la matière, structures atomiques, moléculaires et ioniques, échelle microscopique et macroscopique, masse d’une entité, quantité de matière, nombre d’Avogadro.',	'Seconde',	6,	0,	0,	'2025-09-06 20:39:52.816',	'2025-09-06 20:39:52.816'),
(34,	'T1 Chapitre 4',	'Un atome est un objet très petit. Il est diﬀicile de prendre conscience de sa taille réelle et de la répartition de sa masse dans le volume qu’il occupe. Peut-on utiliser des objets de la vie quotidienne pour mieux appréhender les caractéristiques de l’atome ?',	'Seconde',	6,	0,	0,	'2025-09-06 20:39:52.816',	'2025-09-06 20:39:52.816'),
(35,	'T3 Chapitre 2',	'La lumière, onde électromagnétique : production, propagation, spectre, réflexion, réfraction, dispersion, œil humain modélisé par lentille convergente. ',	'Seconde',	6,	1,	1,	'2025-09-06 20:39:52.828',	'2025-09-19 06:27:04.453'),
(37,	'4 — Données structurées',	'',	'SNT',	5,	0,	1,	'2025-09-06 20:39:52.804',	'2025-09-06 20:39:52.804'),
(38,	'T2 Chapitre 1',	'Interactions fondamentales : étude des charges, forces électrostatiques et gravitationnelles, et champs associés dans l\'espace.',	'1 Spé',	7,	0,	0,	'2025-09-06 20:39:52.829',	'2025-10-07 06:33:57.965'),
(39,	'Chapitre 13',	'Étude des forces, frottements, travail, énergie cinétique et rotation des solides, avec applications aux systèmes en mouvement.',	'Tle STI2D',	4,	0,	0,	'2025-09-06 20:39:52.829',	'2025-09-28 05:15:49.005'),
(4,	'Chapitre 4',	'Étude des puissances active et apparente dans les circuits électriques, leurs mesures et leurs applications.',	'Tle STI2D',	4,	1,	1,	'2025-09-06 20:39:52.808',	'2025-11-02 00:30:28.933'),
(40,	'T3 Chapitre 3',	'Étude des signaux électriques, des circuits et des capteurs, en mettant l’accent sur la compréhension physique des grandeurs électriques et leur mesure dans divers contextes d’application.',	'Seconde',	6,	0,	1,	'2025-09-06 20:39:52.832',	'2025-09-19 14:41:25.964'),
(41,	'Spéciale',	'',	'Seconde',	6,	1,	0,	'2025-09-06 20:39:52.869',	'2025-11-02 00:55:54.243'),
(42,	'Chapitre 16',	'',	'Tle STI2D',	4,	0,	0,	'2025-09-06 20:39:52.873',	'2025-09-06 20:39:52.873'),
(43,	'Chapitre 0',	'Introduction et rappels',	'1 Spé',	7,	0,	0,	'2025-09-07 14:38:47.578',	'2025-09-07 14:38:47.578'),
(44,	'Chapitre 0',	'Révisions et rappels de 1ère',	'Tle STI2D',	4,	0,	0,	'2025-09-08 20:49:00.649',	'2025-09-08 20:49:00.649'),
(45,	'Chapitre 0',	'Introduction et rappels',	'Seconde',	6,	0,	0,	'2025-09-11 06:35:18.218',	'2025-09-11 06:35:18.218'),
(46,	'T2 Chapitre 3',	'Lien entre forces et mouvement : lois de Newton, vecteur vitesse, inertie, chute libre et prédiction des trajectoires physiques.',	'1 Spé',	7,	0,	0,	'2025-09-11 08:45:59.911',	'2025-09-23 06:51:01.239'),
(47,	'Pour Vincent',	'Correction du TP2 (Tle STI2D)',	'Autre',	0,	1,	0,	'2025-09-15 20:20:39.995',	'2025-09-15 20:29:15.955'),
(48,	'T4 Chapitre 1',	'Ondes mécaniques, propagation, énergie, milieu, oscillation, transversale, longitudinale, célérité, retard, fréquence, période, longueur d’onde, sinusoïde.',	'1 Spé',	7,	0,	0,	'2025-09-23 06:50:14.069',	'2025-09-28 06:11:05.344'),
(49,	'Chapitre 3',	'Réactions d’oxydoréduction, piles électrochimiques, transferts d’électrons, potentiels d’électrode, force électromotrice, électrolytes, demi-piles et applications dans les générateurs chimiques comme batteries et accumulateurs.',	'Tle STI2D',	4,	0,	0,	'2025-09-27 16:34:11.880',	'2025-09-28 05:52:23.933'),
(5,	'Chapitre 6',	'Exploration des états de l\'eau (solide, liquide, gazeux), leurs transitions et leurs impacts sur notre environnement.',	'Tle STI2D',	4,	0,	0,	'2025-09-06 20:39:52.811',	'2025-09-06 20:39:52.811'),
(50,	'T2 Chapitre 2',	'Étude des grandeurs macroscopiques caractérisant les fluides, des actions pressantes et des lois fondamentales régissant leur comportement statique.',	'1 Spé',	7,	0,	0,	'2025-09-28 06:13:06.648',	'2025-09-28 06:13:06.648'),
(51,	'SPÉCIAL',	'',	'1 Spé',	7,	1,	0,	'2025-10-07 06:32:43.118',	'2025-10-07 06:33:56.943'),
(6,	'Chapitre 7',	'Comprendre la combustion complète, ses caractéristiques, les types de combustibles, les équations de réaction et les bilans de matière et énergétique.',	'Tle STI2D',	4,	0,	0,	'2025-09-06 20:39:52.812',	'2025-09-06 20:39:52.812'),
(8,	'8 — IA',	'Exploration de l\'IA en santé via des dessins, applications en ligne, création de modèles IA, et sensibilisation aux biais des données.',	'SNT',	5,	0,	0,	'2025-09-06 20:39:52.827',	'2025-09-06 20:39:52.827'),
(9,	'1 — Internet',	'Tracer l\'évolution d\'Internet, analyser ses défis, étudier ses protocoles, modéliser un réseau domestique et expliquer TCP/IP.',	'SNT',	5,	0,	0,	'2025-09-06 20:39:52.802',	'2025-09-06 20:39:52.802');

DROP TABLE IF EXISTS `file_drop_submissions`;
CREATE TABLE `file_drop_submissions` (
  `id` int NOT NULL AUTO_INCREMENT,
  `activityId` varchar(191) CHARACTER SET utf8mb4 COLLATE utf8mb4_unicode_ci NOT NULL,
  `originalName` varchar(191) CHARACTER SET utf8mb4 COLLATE utf8mb4_unicode_ci NOT NULL,
  `storedName` varchar(191) CHARACTER SET utf8mb4 COLLATE utf8mb4_unicode_ci NOT NULL,
  `fileSize` int NOT NULL,
  `mimeType` varchar(191) CHARACTER SET utf8mb4 COLLATE utf8mb4_unicode_ci NOT NULL,
  `uploaderIp` varchar(191) CHARACTER SET utf8mb4 COLLATE utf8mb4_unicode_ci DEFAULT NULL,
  `createdAt` datetime(3) NOT NULL DEFAULT CURRENT_TIMESTAMP(3),
  PRIMARY KEY (`id`),
  KEY `activityId` (`activityId`),
  CONSTRAINT `file_drop_submissions_ibfk_1` FOREIGN KEY (`activityId`) REFERENCES `activities` (`id`) ON DELETE CASCADE
) ENGINE=InnoDB DEFAULT CHARSET=utf8mb4 COLLATE=utf8mb4_unicode_ci;

INSERT INTO `file_drop_submissions` (`id`, `activityId`, `originalName`, `storedName`, `fileSize`, `mimeType`, `uploaderIp`, `createdAt`) VALUES
(12,	'1761849075320_332',	'TSTI_C4_A2_graphs.xlsx',	'1761849075320_332_1761952307950_TSTI_C4_A2_graphs.xlsx',	12559,	'application/vnd.openxmlformats-officedocument.spreadsheetml.sheet',	'89.158.80.136',	'2025-10-31 23:11:47.952'),
(13,	'1761849075320_332',	'TSTI_C4_A2_graphs_VIDE.xlsx',	'1761849075320_332_1761952307956_TSTI_C4_A2_graphs_VIDE.xlsx',	10708,	'application/vnd.openxmlformats-officedocument.spreadsheetml.sheet',	'89.158.80.136',	'2025-10-31 23:11:47.957'),
(14,	'1761849075320_332',	'TSTI_C4_A2_graphs.xlsx',	'1761849075320_332_1761952320016_TSTI_C4_A2_graphs.xlsx',	12559,	'application/vnd.openxmlformats-officedocument.spreadsheetml.sheet',	'89.158.80.136',	'2025-10-31 23:12:00.018'),
(15,	'1761849075320_332',	'Activite phisique.ods',	'1761849075320_332_1762159911508_Activite_phisique.ods',	14951,	'application/vnd.oasis.opendocument.spreadsheet',	'194.167.13.58',	'2025-11-03 08:51:51.511'),
(16,	'1761849075320_332',	'activité 2 Bazia Raphael.ods',	'1761849075320_332_1762159915381_activite_2_Bazia_Raphael.ods',	15000,	'application/vnd.oasis.opendocument.spreadsheet',	'194.167.13.58',	'2025-11-03 08:51:55.383'),
(17,	'1761849075320_332',	'TSTI_C4_A2_graphs_VIDE.ods',	'1761849075320_332_1762159923175_TSTI_C4_A2_graphs_VIDE.ods',	14969,	'application/vnd.oasis.opendocument.spreadsheet',	'194.167.13.58',	'2025-11-03 08:52:03.177'),
(18,	'1761849075320_332',	'sofiane HADDOU graphs.ods',	'1761849075320_332_1762159925258_sofiane_HADDOU_graphs.ods',	12791,	'application/vnd.oasis.opendocument.spreadsheet',	'194.167.13.58',	'2025-11-03 08:52:05.260'),
(19,	'1761849075320_332',	'Nizar BOUCHTI.ods',	'1761849075320_332_1762159928714_Nizar_BOUCHTI.ods',	15024,	'application/vnd.oasis.opendocument.spreadsheet',	'194.167.13.58',	'2025-11-03 08:52:08.717'),
(20,	'1761849075320_332',	'TSTI_C4_A2_graphs_VIDE.ods',	'1761849075320_332_1762159937766_TSTI_C4_A2_graphs_VIDE.ods',	29181,	'application/vnd.oasis.opendocument.spreadsheet',	'194.167.13.58',	'2025-11-03 08:52:17.768'),
(21,	'1761849075320_332',	'TSTI_C4_A2_graphs_VIDE.ods',	'1761849075320_332_1762159953929_TSTI_C4_A2_graphs_VIDE.ods',	3960,	'application/vnd.oasis.opendocument.spreadsheet',	'194.167.13.58',	'2025-11-03 08:52:33.933'),
(22,	'1761849075320_332',	'TSTI_C4_A2_graphs_VIDE.ods',	'1761849075320_332_1762159954073_TSTI_C4_A2_graphs_VIDE.ods',	15340,	'application/vnd.oasis.opendocument.spreadsheet',	'194.167.13.58',	'2025-11-03 08:52:34.076'),
(23,	'1761849075320_332',	'activité 2 ph-ch.ods',	'1761849075320_332_1762160095794_activite_2_ph-ch.ods',	30960,	'application/vnd.oasis.opendocument.spreadsheet',	'194.167.13.58',	'2025-11-03 08:54:55.796'),
(24,	'1761849075320_332',	'activité 2 ph.ods',	'1761849075320_332_1762167639234_activite_2_ph.ods',	43716,	'application/vnd.oasis.opendocument.spreadsheet',	'194.167.13.58',	'2025-11-03 11:00:39.236'),
(25,	'1761849075320_332',	'TSTI_C4_A2_graphs_Olih_Rahman.ods',	'1761849075320_332_1762167737024_TSTI_C4_A2_graphs_Olih_Rahman.ods',	51192,	'application/vnd.oasis.opendocument.spreadsheet',	'194.167.13.58',	'2025-11-03 11:02:17.026'),
(26,	'1761849075320_332',	'KEVIN HEWADEWAGE TSTI2D1 ACTIVIT2 2 PH.ods',	'1761849075320_332_1762167775068_KEVIN_HEWADEWAGE_TSTI2D1_ACTIVIT2_2_PH.ods',	44761,	'application/vnd.oasis.opendocument.spreadsheet',	'194.167.13.58',	'2025-11-03 11:02:55.070'),
(27,	'1761849075320_332',	'activité 2 ph mamadou.ods',	'1761849075320_332_1762167787170_activite_2_ph_mamadou.ods',	43716,	'application/vnd.oasis.opendocument.spreadsheet',	'194.167.13.58',	'2025-11-03 11:03:07.173'),
(28,	'1761849075320_332',	'TSTI_C4_A2_graphs_yakouben yann.ods',	'1761849075320_332_1762167807020_TSTI_C4_A2_graphs_yakouben_yann.ods',	47748,	'application/vnd.oasis.opendocument.spreadsheet',	'194.167.13.58',	'2025-11-03 11:03:27.021'),
(29,	'1761849075320_332',	'khwais lamita PC.ods',	'1761849075320_332_1762167978014_khwais_lamita_PC.ods',	45715,	'application/vnd.oasis.opendocument.spreadsheet',	'194.167.13.58',	'2025-11-03 11:06:18.016'),
(30,	'1761849075320_332',	'TIM Ty.ods',	'1761849075320_332_1762168242783_TIM_Ty.ods',	47928,	'application/vnd.oasis.opendocument.spreadsheet',	'194.167.13.58',	'2025-11-03 11:10:42.785'),
(31,	'1761849075320_332',	'wassim.ods',	'1761849075320_332_1762168246157_wassim.ods',	51546,	'application/vnd.oasis.opendocument.spreadsheet',	'194.167.13.58',	'2025-11-03 11:10:46.159'),
(32,	'1761849075320_332',	'graph abdrahman.ods',	'1761849075320_332_1762168258066_graph_abdrahman.ods',	36679,	'application/vnd.oasis.opendocument.spreadsheet',	'194.167.13.58',	'2025-11-03 11:10:58.068'),
(33,	'1761849075320_332',	'brayana3.ods',	'1761849075320_332_1762168263254_brayana3.ods',	51633,	'application/vnd.oasis.opendocument.spreadsheet',	'194.167.13.58',	'2025-11-03 11:11:03.257'),
(34,	'1761849075320_332',	'TSTI_C4_A2_graphs_VIDE.ods',	'1761849075320_332_1762168278419_TSTI_C4_A2_graphs_VIDE.ods',	46883,	'application/vnd.oasis.opendocument.spreadsheet',	'194.167.13.58',	'2025-11-03 11:11:18.421'),
(35,	'1761849075320_332',	'graphique Matthew.ods',	'1761849075320_332_1762168338406_graphique_Matthew.ods',	36957,	'application/vnd.oasis.opendocument.spreadsheet',	'194.167.13.58',	'2025-11-03 11:12:18.408');

DROP TABLE IF EXISTS `progressions`;
CREATE TABLE `progressions` (
  `id` varchar(191) CHARACTER SET utf8mb4 COLLATE utf8mb4_unicode_ci NOT NULL,
  `classeId` varchar(191) CHARACTER SET utf8mb4 COLLATE utf8mb4_unicode_ci NOT NULL,
  `date` datetime(3) NOT NULL,
  `title` varchar(191) CHARACTER SET utf8mb4 COLLATE utf8mb4_unicode_ci NOT NULL,
  `content` text CHARACTER SET utf8mb4 COLLATE utf8mb4_unicode_ci NOT NULL,
  `icon` varchar(191) CHARACTER SET utf8mb4 COLLATE utf8mb4_unicode_ci DEFAULT NULL,
  `iconColor` varchar(191) CHARACTER SET utf8mb4 COLLATE utf8mb4_unicode_ci DEFAULT NULL,
  `contentType` varchar(191) CHARACTER SET utf8mb4 COLLATE utf8mb4_unicode_ci NOT NULL,
  `resourceUrl` varchar(1024) CHARACTER SET utf8mb4 COLLATE utf8mb4_unicode_ci DEFAULT NULL,
  `createdAt` datetime(3) NOT NULL DEFAULT CURRENT_TIMESTAMP(3),
  `updatedAt` datetime(3) NOT NULL,
  `order` int NOT NULL DEFAULT '0',
  `imageSize` int DEFAULT '60',
  `activityId` varchar(191) CHARACTER SET utf8mb4 COLLATE utf8mb4_unicode_ci DEFAULT NULL,
  PRIMARY KEY (`id`),
  KEY `progressions_classeId_date_idx` (`classeId`,`date`),
  KEY `progressions_activityId_fkey` (`activityId`),
  CONSTRAINT `progressions_activityId_fkey` FOREIGN KEY (`activityId`) REFERENCES `activities` (`id`) ON DELETE SET NULL ON UPDATE CASCADE,
  CONSTRAINT `progressions_classeId_fkey` FOREIGN KEY (`classeId`) REFERENCES `classes` (`id`) ON DELETE CASCADE ON UPDATE CASCADE
) ENGINE=InnoDB DEFAULT CHARSET=utf8mb4 COLLATE=utf8mb4_unicode_ci;

INSERT INTO `progressions` (`id`, `classeId`, `date`, `title`, `content`, `icon`, `iconColor`, `contentType`, `resourceUrl`, `createdAt`, `updatedAt`, `order`, `imageSize`, `activityId`) VALUES
('00324e6e-7f11-40ec-904a-21fc7dc866fa',	'6',	'2025-09-24 22:00:00.000',	'Focalisation par une lentille convergente',	'<p>Lentille convergente et leur modélisation. Règles de tracé des rayons lumineux.</p>',	'none',	'#3f51b5',	'activity',	'/35/pdf/2nd_T3_C2_A4.pdf',	'2025-09-27 06:26:41.396',	'2025-09-28 16:10:26.380',	8,	60,	'1758954153980'),
('013b266d-70ea-4945-a5f2-ac358fd46e54',	'7',	'2025-10-13 22:00:00.000',	'Champ électrostatique d’un condensateur',	'<p>Cartographie du champ électrostatique entre les plaques d’un condensateur plan et visualisation des lignes de champ et des surfaces équipotentielles.</p>',	'none',	'#3f51b5',	'activity',	'/38/pdf/1S_T2_C1_champ_electrostatique_condensateur.pdf',	'2025-11-09 18:28:43.173',	'2025-11-09 18:28:43.173',	30,	60,	'1762711539003'),
('03e7a43e-3ee3-4dff-a74b-8cdeaa464c98',	'7',	'2025-10-06 22:00:00.000',	'Sujets type',	'<p>Réalisation du sujet 2 : <em>La descente du Terrible</em></p>',	'none',	'#3f51b5',	'text',	'/46/pdf/1S_T2_BB.pdf',	'2025-11-09 18:36:45.924',	'2025-11-09 18:36:45.924',	31,	60,	'1762423743177'),
('05eca7ca-522a-4883-8cef-725166887bec',	'4',	'2025-10-12 22:00:00.000',	'C3 TD',	'',	'none',	'#3f51b5',	'activity',	'/49/pdf/TSTI_C3_TD_AGRAPHES.pdf',	'2025-09-28 06:04:24.118',	'2025-10-31 15:51:34.268',	18,	60,	'1758998063665'),
('0aab051b-5b11-442a-b5c0-d5cc29460c3d',	'5',	'2025-09-30 22:00:00.000',	'Missions',	'',	'devices',	'#d58400',	'activity',	'/19/notebook/2SNT_algo.ipynb',	'2025-10-05 19:48:37.109',	'2025-10-05 19:50:00.921',	8,	60,	'1740740585766'),
('0d3589fb-d33c-4f96-b49b-0953b9df2896',	'7',	'2025-09-15 22:00:00.000',	'Analyse vectorielle des trajectoires planétaires',	'<p>Étude géométrique des variations de vitesse sur les orbites elliptiques pour révéler l’orientation des forces gravitationnelles et confirmer les lois de Kepler.</p>',	'none',	'#3f51b5',	'activity',	'/46/pdf/1S_T2_C3_orbites_kepler.pdf',	'2025-09-28 13:23:07.349',	'2025-09-28 13:23:09.331',	20,	60,	'1759065680118'),
('13c1014d-e822-4288-94f6-de79fc238827',	'6',	'2025-10-09 22:00:00.000',	'Réfraction de la lumière',	'<p>Lois de Snell-Descartes et en mesures des angles d’incidence et de réfraction pour différents milieux.</p>',	'book',	'#3f51b5',	'text',	'/35/pdf/2nd_T3_C2_A5.pdf',	'2025-11-09 16:34:10.649',	'2025-11-09 16:34:10.649',	16,	60,	'1758954179709'),
('14fc027d-a579-4ae5-b814-1d47297756c0',	'7',	'2025-09-22 22:00:00.000',	'Vecteur variation de vitesse et force. Chute libre #2.0',	'',	'link',	'#669c35',	'url',	'https://www.pccl.fr/physique_chimie_college_lycee/lycee/premiere_1S/variation_vecteur_vitesse_avec_intervalle_de_deux_delta_t_et_action_exterieure_flash.htm',	'2025-09-23 06:12:01.499',	'2025-09-28 13:23:09.331',	13,	60,	NULL),
('1641b485-dfe3-4292-b9db-8213737d4a81',	'6',	'2025-10-01 22:00:00.000',	'Spectre d’émission du Soleil — Notebook',	'',	'devices',	'#d29d00',	'activity',	'/35/notebook/2nd_T3_C2_soleil_vide.ipynb',	'2025-09-28 16:11:14.432',	'2025-09-28 16:11:14.432',	13,	60,	'1742897071237'),
('1e1f20f1-b41b-449d-b72d-a488392fc6da',	'7',	'2025-09-29 22:00:00.000',	'Ondes mécaniques',	'<p>Comment expliquer la propagation d’une perturbation dans un milieu matériel sans transport de matière ? Qu’est-ce qui distingue une onde mécanique, comme le son ou les vagues, d’une onde électromagnétique, comme les ondes radio ?</p>',	'none',	'#3f51b5',	'activity',	'/48/pdf/1S_T4_C1_A1.pdf',	'2025-09-28 14:20:01.793',	'2025-09-28 18:56:55.369',	24,	60,	'1759069155183'),
('1e63b5d3-bcb8-4109-a680-3fec79560f42',	'5',	'2025-09-24 22:00:00.000',	'Missions',	'',	'devices',	'#d58400',	'activity',	'/19/notebook/2SNT_algo.ipynb',	'2025-10-05 19:48:18.986',	'2025-11-09 17:37:22.002',	6,	60,	'1740740585766'),
('1e87a3eb-84b5-46d5-9cec-6b8bd18f14aa',	'6',	'2025-09-17 22:00:00.000',	'Spectre d’émission du Soleil',	'<p>Identification des entités chimiques présentes dans l’atmosphère du Soleil en utilisant son spectre.</p>',	'none',	'#3f51b5',	'activity',	'/35/pdf/2nd_T3_C2_A3.pdf',	'2025-09-27 06:17:15.592',	'2025-09-27 06:17:15.592',	5,	60,	'1742897055256'),
('2034246a-0954-4077-9d6c-960be1cbb505',	'7',	'2025-09-29 22:00:00.000',	'Double périodicité (spatiale et temporelle)',	'<p>Étude d’ondes en mettant en relation des grandeurs physiques comme la période, la longueur d’onde et la célérité, et en observant leur variation en fonction des caractéristiques du milieu de propagation.</p>',	'devices',	'#3f51b5',	'activity',	'/48/pdf/1S_T4_C1_A4.pdf',	'2025-09-28 14:19:51.330',	'2025-09-28 14:19:51.330',	23,	60,	'1758610251736'),
('28c642c1-b9db-485a-9875-36ead6eed41a',	'5',	'2025-11-05 23:00:00.000',	'Missions',	'',	'devices',	'#d58400',	'activity',	'/19/notebook/2SNT_algo.ipynb',	'2025-11-09 17:28:54.177',	'2025-11-09 17:28:54.177',	13,	60,	'1740740585766'),
('295f95fb-ef7f-4640-bc5a-0e9d6f3455ff',	'4',	'2025-09-07 22:00:00.000',	'MOODLE : révisions',	'',	'link',	'#4f7a28',	'url',	'https://moodle.sekrane.fr/course/section.php?id=217',	'2025-09-08 21:11:10.501',	'2025-10-31 15:51:34.267',	2,	60,	NULL),
('2e64da47-f4af-48e3-aa81-20b0cfd02247',	'5',	'2025-10-14 22:00:00.000',	'Parcours d\'activités',	'',	'none',	'#3f51b5',	'activity',	'/19/pdf/2SNT_Algo.pdf',	'2025-11-09 17:26:36.001',	'2025-11-09 17:26:36.001',	12,	60,	'1741079021164'),
('2ee07f79-4867-44d0-b65e-98604d87caa3',	'4',	'2025-09-07 22:00:00.000',	'C1 — Résumé',	'',	'none',	'#3f51b5',	'activity',	'/2/pdf/TSTI_Resumes_C1.pdf',	'2025-09-08 21:29:40.213',	'2025-10-31 15:51:34.267',	3,	60,	'1757366883133'),
('30b6d162-d563-4d52-ae1c-5794ddafe09f',	'6',	'2025-09-11 22:00:00.000',	'Évaluations MOODLE ',	'',	'link',	'#669c35',	'url',	'https://moodle.sekrane.fr/course/view.php?id=12',	'2025-09-27 06:09:20.348',	'2025-09-27 06:09:20.348',	4,	60,	NULL),
('38495c44-7a8d-4e7b-a471-e1aa59cf7a63',	'7',	'2025-09-24 22:00:00.000',	'Pression et profondeur',	'<p>Vérification de la relation de proportionnalité entre la pression et la profondeur dans un liquide et applications pratiques de la statique des fluides.</p>',	'engineering',	'#3f51b5',	'activity',	'/50/pdf/1S_T2_C2_A3_pression_profondeur.pdf',	'2025-09-28 07:28:37.806',	'2025-09-28 13:23:09.331',	15,	60,	'1759044152706'),
('3bca606e-9740-4c3d-a973-8f293c2c156c',	'6',	'2025-10-02 22:00:00.000',	'Décomposition de la lumière visible',	'<p>Décomposition de la lumière visible à travers un prisme, en étudiant les effets de la réfraction et de la dispersion.</p>',	'engineering',	'#3f51b5',	'activity',	'/35/pdf/2nd_T3_C2_A1.pdf',	'2025-09-28 15:53:00.957',	'2025-09-28 15:58:06.620',	12,	60,	'1759074710314'),
('3bf37ddf-fe4d-47b0-9dbb-3db530e00925',	'7',	'2025-09-08 22:00:00.000',	'Supplément : équation différentielle',	'',	'none',	'#3f51b5',	'activity',	'/43/pdf/1S_C0_supplement.pdf',	'2025-09-09 07:40:31.252',	'2025-09-28 13:23:09.331',	5,	60,	'1757255999220'),
('3da7616a-f15a-40d6-8af1-0b82aefd0e2e',	'7',	'2025-09-10 22:00:00.000',	'T2 Chapitre 3 : résumé',	'',	'none',	'#3f51b5',	'activity',	'/46/pdf/1S_Resumes__glisses_.pdf',	'2025-09-11 08:47:55.460',	'2025-09-28 13:23:09.331',	8,	60,	'1757580421547'),
('45b0697c-3fbe-40b9-8c83-069567d3833a',	'7',	'2025-09-03 22:00:00.000',	'Présentation rentrée',	'',	'none',	'#3f51b5',	'activity',	'/43/pdf/1S_rentree.pdf',	'2025-09-07 16:02:59.440',	'2025-09-28 13:23:09.331',	4,	60,	'1757260948565'),
('4839a2ff-448f-42b9-a6d0-5906658b8eb4',	'4',	'2025-11-16 23:00:00.000',	'Mesures de puissance apparente et de puissance active en régime sinusoïdal',	'<p>Mesure expérimentale des puissances apparente et active pour différents dipôles en régime sinusoïdal, révélant l\'importance du facteur de puissance dans l\'efficacité énergétique des installations électriques.</p>',	'engineering',	'#3f51b5',	'activity',	'/4/pdf/TSTI_C4_Activites.pdf',	'2025-10-31 01:48:11.629',	'2025-10-31 15:51:34.268',	25,	60,	'1761832620741'),
('49ee3673-d65a-4e44-90ff-f25340991b94',	'6',	'2025-09-18 22:00:00.000',	'Notebook — Spectre d’émission du Soleil',	'<p>Construction numérique de graphique et modélisation par régression linéaire.</p>',	'create',	'#d29d00',	'activity',	'/35/notebook/2nd_T3_C2_soleil_vide.ipynb',	'2025-09-27 06:18:32.005',	'2025-09-27 06:18:32.005',	6,	60,	'1742897071237'),
('4d94f562-ca48-464f-b7e0-20140759b76e',	'4',	'2025-10-05 22:00:00.000',	'C3 TD',	'',	'none',	'#3f51b5',	'activity',	'/49/pdf/TSTI_C3_TD_AGRAPHES.pdf',	'2025-09-28 06:04:05.760',	'2025-10-31 15:51:34.268',	16,	60,	'1758998063665'),
('4e3fa13f-a214-4798-bff9-43b500ab5af5',	'6',	'2025-09-08 22:00:00.000',	'Unités et incertitudes de mesures expérimentales',	'',	'none',	'#3f51b5',	'activity',	'/45/pdf/1S_C0_incertitudes.pdf',	'2025-09-11 06:36:36.344',	'2025-09-11 06:36:36.344',	3,	60,	'1757572577920'),
('527e2150-4a0b-451b-80c1-c2eb49e31089',	'4',	'2025-09-07 22:00:00.000',	'Révision 1ère : énergie',	'',	'none',	'#3f51b5',	'activity',	'/44/pdf/TSTI_C0_energie.pdf',	'2025-09-08 20:51:29.801',	'2025-10-31 15:51:34.267',	0,	60,	'1757364647840'),
('550ff706-cde7-41d4-a319-ab57ae4190c6',	'6',	'2025-11-05 23:00:00.000',	'TD',	'<p>Exercices B1, B2 et B3.</p>',	'none',	'#3f51b5',	'text',	'/35/pdf/2nd_T3_C2_TD.pdf',	'2025-11-09 16:42:53.323',	'2025-11-09 16:42:53.323',	18,	60,	'1762247472673'),
('5eb9c429-fb6d-41fe-ad54-70718191d178',	'7',	'2025-09-15 22:00:00.000',	'Trajectoire d\'une comète',	'',	'none',	'#3f51b5',	'activity',	'/46/pdf/1S_T2_C3_trajectoire.pdf',	'2025-09-28 13:22:00.726',	'2025-09-28 13:23:09.331',	21,	60,	'1759065706947'),
('601c74ae-a889-4d5d-bfa6-e9a00c2429e7',	'7',	'2025-10-01 22:00:00.000',	'La loi de BOYLE — MARIOTTE',	'<p>Vérification expérimentale de la relation entre pression et volume d’un gaz à température constante et exploitation du modèle du gaz parfait.</p>',	'engineering',	'#3f51b5',	'activity',	'/50/pdf/1S_T2_C2_A2_loi_boyle_mariotte.pdf',	'2025-09-28 14:20:27.472',	'2025-09-28 18:57:33.291',	25,	60,	'1759040992179'),
('613f35ff-70e7-45a8-bda8-28f76562a726',	'4',	'2025-09-21 22:00:00.000',	'TP2 — Sujet PYTHON',	'',	'devices',	'#3f51b5',	'activity',	'/3/pdf/TSTI_C2_A1_Pyhton.pdf',	'2025-09-22 08:04:26.179',	'2025-10-31 15:51:34.268',	9,	60,	'1758524633648'),
('65329860-5d7d-4b0d-8766-f96816b0ba50',	'4',	'2025-11-09 23:00:00.000',	'TP6 — Sujet',	'<p>Étude expérimentale du déphasage tension-intensité et mesure des puissances pour différents dipôles électriques avec GBF et oscilloscope. Exploitation avec <strong>Python</strong> pour représenter des puissances actives et apparentes.</p>',	'engineering',	'#3f51b5',	'activity',	'/4/pdf/TSTI_C4_TP6.pdf',	'2025-10-30 23:05:40.634',	'2025-10-31 15:51:34.268',	23,	60,	'1735919853578'),
('65cde888-1f86-421a-a36e-9721838c5572',	'7',	'2025-09-03 22:00:00.000',	'Playlist sur les fonctions',	'<p><span style=\"color: rgb(0, 0, 0);\">Les fonctions, loin de n’être que des formules abstraites, expriment les dépendances omniprésentes dans le monde réel (physique, biologie, économie, poésie, informatique)</span></p>',	'none',	'#3f51b5',	'video',	'https://www.youtube.com/playlist?list=PLTWPQ6TrDoWf_FSj-MmqzTYJL3DEK933z',	'2025-09-07 14:35:41.019',	'2025-09-28 13:23:09.331',	0,	60,	NULL),
('68e0b82b-ca53-4816-946d-05f3ac43c6e3',	'4',	'2025-09-28 22:00:00.000',	'C3 TD',	'',	'none',	'#3f51b5',	'activity',	'/49/pdf/TSTI_C3_TD_AGRAPHES.pdf',	'2025-09-27 18:34:50.365',	'2025-10-31 15:51:34.268',	13,	60,	'1758998063665'),
('6c7c8213-05ec-490e-a1cb-0484e420c063',	'6',	'2025-11-06 23:00:00.000',	'Focalisation par une lentille convergente',	'<p>Lentille convergente et leur modélisation. Règles de tracé des rayons lumineux et vérification expérimentale.</p>',	'book',	'#3f51b5',	'text',	'/35/pdf/2nd_T3_C2_A4.pdf',	'2025-11-09 16:38:31.465',	'2025-11-09 16:38:31.465',	17,	60,	'1758954153980'),
('6de8e194-8cdd-4e65-97a8-7fabb5571a22',	'5',	'2025-10-01 22:00:00.000',	'Parcours d\'activités',	'',	'none',	'#3f51b5',	'activity',	'/19/pdf/2SNT_Algo.pdf',	'2025-11-09 17:26:04.460',	'2025-11-09 17:26:04.460',	9,	60,	'1741079021164'),
('6f55c00d-9b0a-49b4-a961-42e96a84249f',	'7',	'2025-09-03 22:00:00.000',	'Supplément : équation différentielle',	'',	'none',	'#b51a00',	'activity',	'/43/pdf/1S_C0_supplement.pdf',	'2025-09-07 14:40:43.912',	'2025-09-28 13:23:09.331',	3,	60,	'1757255999220'),
('742f964f-dceb-4ee3-a15c-12238554773a',	'6',	'2025-09-03 22:00:00.000',	'MOODLE : rappels',	'',	'link',	'#669c35',	'url',	'https://moodle.sekrane.fr/course/view.php?id=12',	'2025-09-08 21:38:53.249',	'2025-09-08 21:38:53.249',	1,	60,	NULL),
('793b2628-c942-47b9-b016-9c999a3ff822',	'7',	'2025-09-03 22:00:00.000',	'Chaos1 Mouvement et déterminisme : Panta Rhei',	'',	'none',	'#3f51b5',	'video',	'https://youtu.be/JNWM8hTXVNM?si=f21emLaGl2XoUt34',	'2025-09-07 14:37:29.961',	'2025-09-28 13:23:09.331',	1,	60,	NULL),
('79dec60f-a826-4dea-bc9c-cfb082d86a0d',	'7',	'2025-09-08 22:00:00.000',	'Unités et incertitudes de mesures expérimentales',	'',	'none',	'#3f51b5',	'activity',	'/43/pdf/1S_C0_incertitudes.pdf',	'2025-09-09 07:41:40.453',	'2025-09-28 13:23:09.331',	6,	60,	'1757403689915'),
('7cdedf59-ff71-43c8-b858-7a24fe6c906c',	'6',	'2025-10-15 22:00:00.000',	'Boite à outils en SPC',	'<p>Pages 5 et 6 de la boîte à outils.</p>',	'none',	'#3f51b5',	'activity',	'/45/pdf/2nd_T0_boite_outils.pdf',	'2025-11-09 16:49:56.736',	'2025-11-09 16:49:56.736',	19,	60,	'1762706892632'),
('7e45a427-833c-4079-8fa1-c09db4553a74',	'4',	'2025-11-02 23:00:00.000',	'Zone de dépôt de fichiers',	'',	'text',	'#3f51b5',	'file-drop',	'',	'2025-10-30 18:34:41.321',	'2025-10-31 15:51:34.268',	22,	60,	'1761849075320_332'),
('7eceae2e-962b-4d41-967e-6c34e6a8344b',	'4',	'2025-11-02 23:00:00.000',	'Parcours d\'activité',	'<ul><li><p>Qu’appelle-t-on puissance active en régime sinusoïdal ?<br>On s’intéresse à une installation électrique de tension eﬀicace U = 230 V et de fréquence 50 Hz qui alimente différents dipôles.</p></li><li><p>Comment calculer la puissance active d’un système à l’aide d’un outil numérique ?<br>Représentation d’une tension u(t) et d’une intensité i(t) sinusoïdales.</p></li><li><p>Qu’appelle-t-on puissance apparente et facteur de puissance en régime sinusoïdal ?<br>Définition de la puissance apparente en régime sinusoïdal. Définition du facteur de puissance en régime sinusoïdal.</p></li></ul><p></p>',	'none',	'#3f51b5',	'activity',	'/4/pdf/TSTI_C4_Activites.pdf',	'2025-10-30 18:38:24.544',	'2025-10-31 15:51:34.268',	19,	60,	'1761832620741'),
('8225a044-bc52-4df4-9edf-891e8c053608',	'5',	'2025-10-01 22:00:00.000',	'Missions',	'',	'devices',	'#d58400',	'activity',	'/19/notebook/2SNT_algo.ipynb',	'2025-11-09 17:26:04.461',	'2025-11-09 17:26:04.461',	9,	60,	'1740740585766'),
('857ca5c9-2cfc-40e0-893d-0fb32ada9192',	'7',	'2025-09-03 22:00:00.000',	'Chaos2 Champs de vecteurs : La course des legos',	'',	'none',	'#3f51b5',	'video',	'https://www.youtube.com/watch?v=vL6cVjnNXek',	'2025-09-07 14:38:01.393',	'2025-09-28 13:23:09.331',	2,	60,	NULL),
('88e23892-a6f6-4bc9-827b-98565515525a',	'4',	'2025-09-21 22:00:00.000',	'C2 TD',	'',	'none',	'#3f51b5',	'activity',	'/3/pdf/TSTI_C2_TD_AGRAPHES.pdf',	'2025-09-22 08:03:40.405',	'2025-10-31 15:51:34.268',	8,	60,	'1758528178524'),
('8a4e759a-b848-4023-8400-5f94b6ecdebe',	'5',	'2025-11-05 23:00:00.000',	'Parcours d\'activités',	'',	'none',	'#3f51b5',	'activity',	'/19/pdf/2SNT_Algo.pdf',	'2025-11-09 17:28:54.174',	'2025-11-09 17:28:54.174',	13,	60,	'1741079021164'),
('8a8fd8cd-d3fc-43fc-a516-9bd141a8df7d',	'4',	'2025-11-02 23:00:00.000',	'Tableur ODS',	'',	'devices',	'#669c35',	'text',	'/4/autre/TSTI_C4_A2_graphs_VIDE.ods',	'2025-10-31 15:51:31.894',	'2025-10-31 15:52:18.569',	21,	60,	'1761925834646'),
('8b47a50a-60ea-4ee4-aaa6-ee4d9bcfe55a',	'5',	'2025-10-14 22:00:00.000',	'Missions',	'',	'devices',	'#d58400',	'activity',	'/19/notebook/2SNT_algo.ipynb',	'2025-11-09 17:26:36.002',	'2025-11-09 17:26:36.002',	12,	60,	'1740740585766'),
('8b98358c-367f-4408-9c8e-c1e37f87888e',	'6',	'2025-09-10 22:00:00.000',	'Contrôle éclair C0',	'',	'chart',	'#e32400',	'text',	'',	'2025-09-27 07:02:54.622',	'2025-09-27 07:02:54.622',	10,	60,	NULL),
('907429fa-302c-469d-a2e6-b5bb11d8b759',	'6',	'2025-09-10 22:00:00.000',	'Unités et incertitudes de mesures expérimentales',	'',	'none',	'#3f51b5',	'activity',	'/45/pdf/1S_C0_incertitudes.pdf',	'2025-09-27 07:02:26.143',	'2025-09-27 07:02:26.143',	9,	60,	'1757572577920'),
('91e806e1-5567-498a-a449-519a23a89efd',	'4',	'2025-09-14 22:00:00.000',	'C2 TD',	'',	'none',	'#3f51b5',	'activity',	'/3/pdf/TSTI_C2_TD_AGRAPHES.pdf',	'2025-09-22 08:03:18.476',	'2025-10-31 15:51:34.268',	7,	60,	'1758528178524'),
('9294d0c8-1a4b-4d83-887b-cd5ac013b77c',	'4',	'2025-10-05 22:00:00.000',	'Partie 1',	'<ul><li><p>Détermination expérimentale d’un rendement de recharge d’une batterie d’un téléphone portable.</p></li><li><p>Exploitation de documents afin d’étudier le stockage d’énergie dans un système électrochimique innovant à</p></li><li><p>électrolyte circulant.</p></li><li><p>Distinction entre pile et accumulateur.</p></li><li><p>Étude de caractéristiques de batteries pouvant être installée dans un VAE.</p></li></ul><p></p>',	'engineering',	'#3f51b5',	'activity',	'/49/pdf/TSTI_C3_Partie_I.pdf',	'2025-09-28 05:53:36.097',	'2025-10-31 15:51:34.268',	15,	60,	'1758996782615'),
('9488cfdf-6efa-470e-b13d-11a432189da3',	'4',	'2025-09-21 22:00:00.000',	'TP2 — Notebook',	'',	'devices',	'#d58400',	'activity',	'/3/notebook/TST_C2_TP_1.ipynb',	'2025-09-22 08:04:56.785',	'2025-10-31 15:51:34.268',	10,	60,	'1735943598957'),
('94a9e369-071c-4862-8734-d0a41632025f',	'7',	'2025-09-22 22:00:00.000',	'Vecteur vitesse #1.0. Tracé avec v = MM\'/Δt',	'',	'link',	'#669c35',	'url',	'https://www.pccl.fr/physique_chimie_college_lycee/lycee/premiere_1S/tracer_vecteur_vitesse_simple_csp_flash.htm',	'2025-09-23 06:10:11.776',	'2025-09-28 13:23:09.331',	10,	60,	NULL),
('94d4acb2-c2b9-4ce6-a033-b29c742ae657',	'7',	'2025-09-10 22:00:00.000',	'MOODLE : chapitre 0',	'',	'link',	'#669c35',	'url',	'https://moodle.sekrane.fr/mod/quiz/view.php?id=635',	'2025-09-11 08:37:52.009',	'2025-09-28 13:23:09.331',	7,	60,	NULL),
('9718e2e1-828f-47e4-a49b-76896e505692',	'4',	'2025-09-14 22:00:00.000',	'Chapitre 2 — L\'énergie et ses enjeux',	'',	'book',	'#3f51b5',	'activity',	'/1/pdf/TSTI_C2_enjeux_energie.pdf',	'2025-09-22 08:02:07.322',	'2025-10-31 15:51:34.267',	5,	60,	'1735851878754'),
('994a2019-22f7-43ba-8aaa-7d320f82c6ac',	'7',	'2025-09-24 22:00:00.000',	'T2 Chapitre 2 : résumé',	'',	'none',	'#3f51b5',	'activity',	'/50/pdf/1S_T2_C2_resume.pdf',	'2025-09-28 11:45:09.193',	'2025-09-28 13:23:09.331',	14,	60,	'1759059881919'),
('9afcd73a-0221-4fc8-874f-8fbbf467610e',	'5',	'2025-09-24 22:00:00.000',	'Parcours d\'activités',	'',	'none',	'#3f51b5',	'activity',	'/19/pdf/2SNT_Algo.pdf',	'2025-10-05 19:48:23.763',	'2025-11-09 17:37:21.997',	5,	60,	'1741079021164'),
('9cbb86a0-881b-4b5f-a82b-94fa27a1aef5',	'5',	'2025-09-17 22:00:00.000',	'Missions',	'',	'devices',	'#d58400',	'activity',	'/19/notebook/2SNT_algo.ipynb',	'2025-10-05 19:48:08.449',	'2025-11-09 17:37:49.149',	4,	60,	'1740740585766'),
('9e71b6a7-c652-4a43-9543-ca66531509d4',	'7',	'2025-09-10 22:00:00.000',	'Prédiction du mouvement par l’analyse des forces',	'<p>Application de la relation entre forces et variation de vitesse pour anticiper l’évolution temporelle des systèmes mécaniques dans le contexte spatial.</p>',	'none',	'#ffb43f',	'activity',	'/46/pdf/1S_T2_C3_predi_mouvement.pdf',	'2025-09-11 08:49:25.595',	'2025-09-28 13:23:09.331',	9,	60,	'1757580537081'),
('a433c79e-6ef3-4c9f-b2f7-148bf763c088',	'7',	'2025-09-17 22:00:00.000',	'Mesure expérimentale de l’intensité de pesanteur',	'',	'none',	'#3f51b5',	'activity',	'/46/pdf/1S_T2_C3_mesure_pesanteur.pdf',	'2025-09-28 11:46:55.111',	'2025-09-28 13:23:09.331',	16,	60,	'1758185200510'),
('a50f80f0-73a5-4198-894a-876febbd7f57',	'6',	'2025-09-25 22:00:00.000',	'Évaluation nationales de rentrée en Seconde',	'',	'chart',	'#e32400',	'text',	'',	'2025-09-27 07:03:21.947',	'2025-09-27 07:03:21.947',	11,	60,	NULL),
('b0572ae1-cc70-40d8-a567-d25ec634f106',	'4',	'2025-10-12 22:00:00.000',	'Partie 2',	'<ul><li><p>Étude expérimentale d’une pile à combustible (pile à dihydrogène). Établissement d’un bilan de matière permettant de déduire un rendement électrique.</p></li><li><p>Les voitures à moteur thermique utilisent principalement des batteries au plomb pour le démarrage. Quel est le bilan de matière pour une batterie lors de son fonctionnement réversible ?</p></li><li><p>Une pile à combustible de type utilisé en travaux pratiques peut fonctionner de façon réversible. Comment identifier l’oxydant et le réducteur lors du remplissage des réservoirs puis lors de leur consommation ?</p></li><li><p>Dans une voiture à hydrogène, la production d’énergie électrique est assurée par une pile à combustible. Cette voiture effectue un trajet de 146 km. Quel est le rendement de la pile à combustible d’une voiture à hydrogène ?</p></li></ul><p></p>',	'engineering',	'#3f51b5',	'activity',	'/49/pdf/TSTI_C3_Partie_II.pdf',	'2025-09-28 06:04:32.236',	'2025-10-31 15:51:34.268',	17,	60,	'1758996795345'),
('b6292291-3f47-4cdf-8d88-f3df255a792a',	'7',	'2025-09-22 22:00:00.000',	'Vecteur vitesse #2.0 avec vi = Mi-1Mi+1/2Δt',	'',	'link',	'#669c35',	'url',	'https://www.pccl.fr/physique_chimie_college_lycee/lycee/premiere_1S/tracer_representer_vecteur_vitesse_flash.htm',	'2025-09-23 06:10:54.427',	'2025-09-28 13:23:09.331',	11,	60,	NULL),
('b69a98b3-8bd7-426b-b92a-b2331877c95a',	'5',	'2025-09-17 22:00:00.000',	'Parcours d\'activités',	'',	'none',	'#3f51b5',	'activity',	'/19/pdf/2SNT_Algo.pdf',	'2025-10-05 19:48:03.948',	'2025-11-09 17:37:49.148',	3,	60,	'1741079021164'),
('bc4f7e3d-35c9-4a37-a329-2804d5d4e277',	'5',	'2025-10-15 22:00:00.000',	'Parcours d\'activités',	'',	'none',	'#3f51b5',	'activity',	'/19/pdf/2SNT_Algo.pdf',	'2025-11-09 17:26:26.066',	'2025-11-09 17:26:26.066',	11,	60,	'1741079021164'),
('c16e2cc9-4a7d-4c72-8659-7bddbd94902d',	'7',	'2025-09-22 22:00:00.000',	'Double périodicité (spatiale et temporelle)',	'<p>Étude d’ondes en mettant en relation des grandeurs physiques comme la période, la longueur d’onde et la célérité, et en observant leur variation en fonction des caractéristiques du milieu de propagation.</p>',	'devices',	'#3f51b5',	'text',	'/48/pdf/1S_T4_C1_A4.pdf',	'2025-09-28 13:26:36.143',	'2025-09-28 13:32:24.391',	22,	60,	'1758610251736'),
('c1cee556-3c57-41f5-812f-2a8009e78b6d',	'6',	'2025-11-03 23:00:00.000',	'TD',	'<p>Exercice 1, A1 et A2.</p>',	'none',	'#3f51b5',	'activity',	'/35/pdf/2nd_T3_C2_TD.pdf',	'2025-11-04 09:11:41.899',	'2025-11-09 16:41:48.693',	14,	60,	'1762247472673'),
('c4a5e5ef-f2bf-49f1-b19e-4b759e93d63e',	'5',	'2025-09-02 22:00:00.000',	'MOODLE : révisions collège',	'',	'link',	'#669c35',	'url',	'https://moodle.sekrane.fr/course/section.php?id=216',	'2025-09-11 10:27:26.746',	'2025-10-05 19:48:45.419',	2,	60,	NULL),
('c5d6faa2-4a8e-4590-bb6a-d033cea34e12',	'7',	'2025-10-15 22:00:00.000',	'Champ de pesanteur terrestre',	'<p>Détermination expérimentale de l’intensité du champ de pesanteur terrestre à l’aide d’un pendule simple et étude de la relation entre période d’oscillation et longueur du pendule.</p>',	'none',	'#3f51b5',	'activity',	'/50/pdf/1S_T2_C1_champ_pesanteur_terrestre.pdf',	'2025-10-16 08:22:19.358',	'2025-11-09 18:29:14.578',	26,	60,	'1760602919356'),
('c5f9dac1-86ab-4bf3-b225-cc8db27d7d1f',	'6',	'2025-10-06 22:00:00.000',	'Boîte à outils en SPC',	'<p>Pages 1 et 2 de la boîte à outils.</p>',	'none',	'#3f51b5',	'activity',	'/45/pdf/2nd_T0_boite_outils.pdf',	'2025-11-09 16:53:09.139',	'2025-11-09 16:53:09.139',	21,	60,	'1762706892632'),
('c63d30c4-f247-46e0-a739-3f9040a9e980',	'6',	'2025-09-03 22:00:00.000',	'Présentation rentrée — 2nd ',	'',	'none',	'#3f51b5',	'pdf',	'/progressions/6/pdf/rentree_2nd_1757367277237.pdf',	'2025-09-08 21:38:03.848',	'2025-09-08 21:38:09.934',	0,	60,	NULL),
('c75af925-d8b9-4f90-bde2-14ee9c8d3c7a',	'6',	'2025-09-04 22:00:00.000',	'MOODLE : rappels',	'',	'none',	'#3f51b5',	'url',	'https://moodle.sekrane.fr/course/view.php?id=12',	'2025-09-08 21:46:07.150',	'2025-09-08 21:46:07.150',	2,	60,	NULL),
('c9a83cb7-c7e1-424f-82f5-943baaabfa6a',	'7',	'2025-09-17 22:00:00.000',	'Chronophys : prise en main',	'',	'none',	'#3f51b5',	'activity',	'/46/pdf/Chronophys___prise_en_main.pdf',	'2025-09-28 11:52:41.614',	'2025-09-28 13:23:09.331',	18,	60,	'1758185420261'),
('c9b55361-e9ed-427c-951c-a9529f46594b',	'4',	'2025-11-09 23:00:00.000',	'TP6 — Notebook',	'',	'devices',	'#d58400',	'text',	'/4/notebook/TSTI_C4_TP6.ipynb',	'2025-10-30 23:06:22.262',	'2025-10-31 15:51:34.268',	24,	60,	'1735943459471'),
('ce41c682-6903-4be2-8810-f13dba69ec01',	'4',	'2025-09-28 22:00:00.000',	'TP1 — Sujet',	'<p>Diverses petites expériences en ateliers permettant l’appréhension de la variabilité des mesures expérimentales. Comment quantifier la fiabilité d’une mesure physique en évaluant les différentes sources d’erreur lors d’expériences d’oscillations et de mesures directes ?</p>',	'engineering',	'#3f51b5',	'activity',	'/2/pdf/TSTI_C1_TP1.pdf',	'2025-09-27 09:46:25.042',	'2025-10-31 15:51:34.268',	11,	60,	'1737051131472'),
('d0948717-d7e3-4833-9110-e84ccd0c41ea',	'7',	'2025-10-08 22:00:00.000',	'Champ de pesanteur terrestre',	'<p>Détermination expérimentale de l’intensité du champ de pesanteur terrestre à l’aide d’un pendule simple et étude de la relation entre période d’oscillation et longueur du pendule.</p>',	'none',	'#3f51b5',	'activity',	'/50/pdf/1S_T2_C1_champ_pesanteur_terrestre.pdf',	'2025-11-09 18:37:25.007',	'2025-11-09 18:37:25.007',	32,	60,	'1760602919356'),
('d2673a7b-8e2d-4b4c-8b5e-635c81822c0f',	'4',	'2025-09-14 22:00:00.000',	'TP2 — Sujet',	'',	'engineering',	'#3f51b5',	'activity',	'/3/pdf/TSTI_C2_TP1.pdf',	'2025-09-22 08:02:24.225',	'2025-10-31 15:51:34.267',	6,	60,	'1757918074765'),
('e1dd74ac-01e3-4853-92bd-d0d228c9c893',	'7',	'2025-09-17 22:00:00.000',	'Lien Chronophys',	'',	'none',	'#3f51b5',	'activity',	'/46/autre/Lien_Chronophys.txt',	'2025-09-28 11:47:28.072',	'2025-09-28 13:23:09.331',	17,	60,	'1758185496463'),
('e383e47c-dade-4dbc-829f-58fc9d94667c',	'5',	'2025-10-08 22:00:00.000',	'Missions',	'',	'devices',	'#d58400',	'activity',	'/19/notebook/2SNT_algo.ipynb',	'2025-11-09 17:26:15.335',	'2025-11-09 17:26:15.335',	10,	60,	'1740740585766'),
('e9172703-d759-471c-9c57-d3de1321af0c',	'7',	'2025-11-05 23:00:00.000',	'T2 Chapitre 3 — Mouvement d’un système',	'',	'book',	'#3f51b5',	'activity',	'/21/pdf/1S_T2_C3_mouvement_systeme.pdf',	'2025-11-06 10:09:23.208',	'2025-11-06 10:09:23.208',	27,	60,	'1762423699807'),
('eb233be7-e944-4e38-9bc5-eaf2a96b4b06',	'5',	'2025-09-09 22:00:00.000',	'Parcours d\'activités',	'',	'none',	'#3f51b5',	'activity',	'/19/pdf/2SNT_Algo.pdf',	'2025-09-11 06:41:35.217',	'2025-10-05 19:48:45.419',	0,	60,	'1741079021164'),
('eb8931a1-d7c0-473d-9bed-973c7be175d4',	'5',	'2025-10-15 22:00:00.000',	'Missions',	'',	'devices',	'#d58400',	'activity',	'/19/notebook/2SNT_algo.ipynb',	'2025-11-09 17:26:26.063',	'2025-11-09 17:26:26.063',	11,	60,	'1740740585766'),
('eb998733-b680-4551-afd7-132204a75ace',	'6',	'2025-10-16 22:00:00.000',	'Modèle de l’œil',	'<p>Modélisation de l’œil humain pour comprendre le mécanisme de la vision, en utilisant des lentilles convergentes et en étudiant les rayons particuliers, la distance focale et les foyers.</p>',	'engineering',	'#3f51b5',	'activity',	'/35/pdf/2nd_T3_C2_A5.pdf',	'2025-11-09 16:22:54.231',	'2025-11-09 16:35:32.654',	15,	60,	'1762706097707'),
('ec5f314a-194d-4910-93cb-59882f1bc587',	'5',	'2025-09-30 22:00:00.000',	'Parcours d\'activités',	'',	'none',	'#3f51b5',	'activity',	'/19/pdf/2SNT_Algo.pdf',	'2025-10-05 19:48:34.574',	'2025-10-05 19:48:45.419',	7,	60,	'1741079021164'),
('ed302e48-0b59-41e0-b3fd-8b566ed0622b',	'7',	'2025-11-03 23:00:00.000',	'Électrisation par frottement',	'',	'engineering',	'#3f51b5',	'activity',	'/38/pdf/1S_T2_C1_electrisation_par_frottement.pdf',	'2025-11-09 18:27:25.756',	'2025-11-09 18:27:25.756',	29,	60,	'1762711522601'),
('ee6aa444-a209-4952-a286-b4d8d8312978',	'7',	'2025-09-15 22:00:00.000',	'Chapitre 1 : contrôle éclair',	'<p>Évaluation : chiffres significatifs, écriture scientifique, unités et précision des calculs.</p>',	'create',	'#e32400',	'text',	'',	'2025-09-28 13:10:53.747',	'2025-09-28 13:23:09.331',	19,	60,	NULL),
('f0870cac-d2fa-4b58-af8b-beff99c072a4',	'5',	'2025-09-09 22:00:00.000',	'Missions',	'',	'devices',	'#d58400',	'activity',	'/19/notebook/2SNT_algo.ipynb',	'2025-09-11 06:42:24.462',	'2025-10-05 19:49:44.612',	1,	60,	'1740740585766'),
('f3dc9dd1-1a3d-41f2-820e-763396925a46',	'6',	'2025-09-22 22:00:00.000',	'Type d’étoile',	'<p>Détermination du type spectral des étoiles en analysant leurs raies d’absorption et d’émission, avec utilisation de l’exemple de l’étoile Polaire.</p>',	'none',	'#3f51b5',	'activity',	'/35/pdf/2nd_T3_C2_A2.pdf',	'2025-09-27 06:21:15.314',	'2025-09-27 06:21:15.314',	7,	60,	'1758954029867'),
('f95fe23e-d790-4d82-9942-bca335fe4f65',	'5',	'2025-10-08 22:00:00.000',	'Parcours d\'activités',	'',	'none',	'#3f51b5',	'activity',	'/19/pdf/2SNT_Algo.pdf',	'2025-11-09 17:26:15.331',	'2025-11-09 17:26:15.331',	10,	60,	'1741079021164'),
('f96b5670-7096-4dfd-b1e5-98b02776adca',	'4',	'2025-09-07 22:00:00.000',	'Chapitre 1 — Unités et incertitudes de mesures expérimentales',	'',	'none',	'#3f51b5',	'activity',	'/1/pdf/TSTI_C1_incertitudes.pdf',	'2025-09-08 21:17:13.909',	'2025-10-31 15:51:34.268',	4,	60,	'1757366185693'),
('fa5c0347-068b-404b-bcf4-f53b72e4426c',	'4',	'2025-09-07 22:00:00.000',	'Révision 1ère : forces',	'',	'none',	'#3f51b5',	'activity',	'/44/pdf/TSTI_C0_forces.pdf',	'2025-09-08 20:51:46.420',	'2025-10-31 15:51:34.268',	1,	60,	'1757364671487'),
('fa6dbebc-5103-4bba-b11f-0c0e94a35d98',	'7',	'2025-09-22 22:00:00.000',	'Vecteur variation de vitesse et force. Chute libre #1.0',	'',	'link',	'#669c35',	'url',	'https://www.pccl.fr/physique_chimie_college_lycee/lycee/premiere_1S/variation_vecteur_vitesse_point_entre_deux_instants_voisins_lien_avec_somme_des_forces_flash.htm',	'2025-09-23 06:11:41.221',	'2025-09-28 13:23:09.331',	12,	60,	NULL),
('fa98646c-834c-452b-b3e7-b218e5a4231b',	'7',	'2025-11-05 23:00:00.000',	'Sujets type',	'<p>Réalisation du sujet 4 : <em>Tir parabolique</em></p>',	'none',	'#3f51b5',	'activity',	'/46/pdf/1S_T2_BB.pdf',	'2025-11-06 10:10:16.446',	'2025-11-09 18:38:54.088',	28,	60,	'1762423743177'),
('fc167c51-7f36-4818-aa48-56b751c5af3e',	'4',	'2025-09-28 22:00:00.000',	'Chapitre 3 — Énergie chimique et réactions d\'oxydoréduction',	'',	'none',	'#3f51b5',	'activity',	'/1/pdf/TSTI_C3_piles.pdf',	'2025-09-28 05:05:43.085',	'2025-10-31 15:51:34.268',	14,	60,	'1759035341258'),
('fcd8d0c5-2ae8-4a26-a879-7f2a003986e4',	'4',	'2025-09-28 22:00:00.000',	'TP1 — Notebook',	'',	'devices',	'#d58400',	'activity',	'/2/notebook/TSTI_C1_TP1.ipynb',	'2025-09-27 09:50:34.148',	'2025-10-31 15:51:34.268',	12,	60,	'1735943693164'),
('fe458e82-5ceb-4aa0-993d-645a0f66aa33',	'6',	'2025-10-08 22:00:00.000',	'Boîte à outils en SPC',	'<p>Pages 3 et 4 de la boîte à outils.</p>',	'none',	'#3f51b5',	'activity',	'/45/pdf/2nd_T0_boite_outils.pdf',	'2025-11-09 16:52:56.118',	'2025-11-09 16:52:56.118',	20,	60,	'1762706892632');

-- 2025-11-09 19:01:16
